to,275
you,238
I,177
a,175
the,153
in,116
is,107
and,106
u,89
i,84
me,82
my,80
of,72
your,72
for,70
on,66
have,62
that,57
it,52
or,52
at,52
not,48
2,47
get,47
call,46
with,46
are,46
be,44
but,43
ur,40
if,39
I'm,37
when,37
U,35
know,34
this,33
?,33
from,32
was,32
You,32
do,31
can,31
go,31
just,30
so,30
will,30
got,29
4,29
up,28
...,27
like,27
one,26
come,26
we,26
out,26
&lt;#&gt;,25
now,25
.,23
send,23
then,22
text,22
am,22
all,22
n,21
how,20
ham,20
√º,20
still,20
I'll,20
But,20
don't,20
want,19
its,19
need,19
what,18
So,18
think,18
The,18
FREE,18
time,17
take,17
How,17
Ok,17
some,17
about,17
no,16
as,16
back,16
he,16
good,15
-,15
Do,15
Call,15
her,15
there,15
our,15
home,15
make,14
Are,14
who,14
more,14
Just,14
going,14
dont,14
And,14
Ur,14
lor.,13
new,13
them,13
Its,13
now.,13
Your,13
way,13
love,13
r,13
say,13
Good,13
only,13
Hey,13
an,13
number,13
ask,13
give,12
by,12
something,12
:),12
any,12
see,12
No,12
very,12
great,12
day,12
been,12
she,12
i'm,11
contact,11
phone,11
We,11
can't,11
To,11
It,11
you.,11
What,11
really,11
If,11
Oh,11
next,11
getting,11
This,10
A,10
they,10
Please,10
too,10
My,10
When,10
claim,10
3,10
&,10
him,10
Did,10
Lol,10
&amp;,10
even,9
free,9
said,9
pick,9
had,9
down,9
tell,9
today,9
√ú,9
where,9
being,9
ok,9
miss,9
sent,9
let,9
could,9
it's,9
off,9
doing,9
told,8
here,8
Will,8
Only,8
da,8
cos,8
Nokia,8
dear,8
1,8
message,8
without,8
around,8
always,8
much,8
ok.,8
it.,8
someone,8
mobile,8
Pls,8
last,8
also,8
stop,8
Get,8
Have,8
every,7
enjoy,7
me.,7
ever,7
care,7
Text,7
day.,7
Then,7
has,7
night,7
Hi,7
did,7
leave,7
reply,7
msg,7
after,7
Love,7
were,7
cash,7
many,7
money,7
juz,7
Txt,7
hope,7
please,7
HAVE,7
that's,7
e,7
Not,7
find,7
win,7
job,7
sleep,6
cant,6
first,6
over,6
before,6
finish,6
already,6
tot,6
haf,6
life,6
16+,6
right,6
wat,6
car,6
watching,6
use,6
morning,6
sure,6
wonder,6
week,6
gonna,6
trying,6
again,6
Don't,6
needs,6
Hope,6
Thanks,6
Is,6
c,6
d,6
should,6
into,6
hair,6
Gud,6
keep,6
That's,6
lor...,6
today.,5
look,5
school,5
Ok.,5
would,5
answer,5
UR,5
Mobile,5
driving,5
another,5
mind,5
went,5
Reply,5
I've,5
things,5
which,5
pls,5
wan,5
happy,5
goes,5
wait,5
It's,5
1st,5
lunch,5
looking,5
quite,5
place,5
16,5
later,5
Smile,5
That,5
pay,5
New,5
lot,5
Yeah,5
!,5
coming,5
missed,5
part,5
b,5
¬£5000,5
won,5
Thats,5
liked,5
dun,5
meeting,5
person,5
Or,5
¬£1000,5
Xmas,5
long,5
us,5
having,5
waiting,5
Yup,5
making,5
wit,5
few,5
babe,5
meant,5
meet,5
why,5
wot,5
made,5
Yes,5
book,5
lar...,5
STOP,5
:-(,4
street,4
selected,4
net,4
txt,4
word,4
room,4
im,4
:-),4
end,4
thing,4
hot,4
",",4
we'll,4
prize,4
used,4
open,4
oredi...,4
service,4
They,4
x,4
Want,4
saying,4
than,4
away,4
never,4
ill,4
now!,4
now?,4
wish,4
k,4
cool.,4
yet,4
Happy,4
collection.,4
Ard,4
people,4
Let,4
fight,4
kiss*,4
Where,4
didn't,4
apply.,4
happen,4
dunno,4
18,4
head,4
walking,4
As,4
URGENT!,4
between,4
20,4
askin,4
it?,4
jus,4
princess!,4
Haha,4
smile,4
ticket,4
i'll,4
K,4
texts,4
found,4
boytoy,4
story,4
least,4
Got,4
Ok...,4
me?,4
his,4
For,4
both,4
lar,4
ME,4
fun,4
Dear,4
YOU,4
thats,4
bit,4
collect,4
per,4
Caller,4
..,4
question,4
chat,4
family,4
No.,4
try,4
customer,4
R,4
holiday,4
house,4
you're,4
angry,4
friend,4
means,4
Send,4
home.,4
simple..,4
4*,4
UP,4
tomo,4
*,4
awarded,4
other,4
in.,4
sorry,3
month,3
Go,3
half,3
Loves,3
smoke,3
Also,3
right?,3
until,3
hurt,3
hold,3
Claim,3
All,3
attempt,3
better,3
"Hi,",3
day?,3
nite,3
National,3
hook,3
girls,3
Should,3
See,3
talking,3
well.,3
watch,3
frying,3
best,3
C,3
LOVE,3
wk,3
Enjoy,3
2nd,3
Sorry,3
askd,3
catch,3
Can't,3
air,3
Tell,3
kept,3
left,3
photo,3
dreams,3
Heart,3
plz,3
dinner,3
plus,3
afternoon,3
hear,3
til,3
nxt,3
number.,3
prob,3
dis,3
eating,3
address,3
working,3
sports,3
club,3
valued,3
fuck,3
Why,3
may,3
guys,3
Bonus,3
Use,3
group,3
offers,3
She,3
wont,3
yeah,3
year,3
Hello!,3
shows,3
tomorrow,3
you'll,3
7250i.,3
gotta,3
late.,3
something?,3
not.,3
auction.,3
show,3
office,3
enough,3
wake,3
bout,3
ya,3
IS,3
IM,3
May,3
Im,3
In,3
thinking,3
nice,3
thinks,3
HG/Suite342/2Lands,3
Hello,3
NOKIA,3
throw,3
out!,3
out.,3
morning?,3
lor,3
Lets,3
maybe,3
ringtone,3
5,3
hospital.,3
Great,3
Take,3
Actually,3
NOW.,3
hours,3
pics,3
two,3
"¬£2,000",3
help,3
through,3
late,3
T&C,3
house.,3
guess,3
reason,3
persons,3
top,3
feel,3
passed,3
park,3
believe,3
B,3
anything,3
reach,3
most,3
Cost,3
email,3
feels,3
Urgent!,3
86021,3
days.,3
sweet,3
there.,3
"Sorry,",3
what's,3
Todays,3
big,3
ON,3
HAPPY,3
run,3
wanna,3
NEW,3
Howz,3
called,3
land,3
Am,3
At,3
she's,3
once,3
Now,3
¬£1.50,3
yourself,3
"that,",3
sexy,3
receive,3
wif,3
prize.,3
SMS,3
started,3
sir,3
Yo,3
Ya,3
line.,3
da.,3
dat,3
kiss,3
await,3
second,3
me...,3
exactly,3
remember,3
decided,3
"you,",3
Keep,3
THE,3
stuff,3
Row/W1JHL,3
heart,3
walk,3
Merry,3
"ya,",3
IT,3
well,3
Need,3
Can,3
checking,3
U.,3
does,3
Aight,3
crave,3
buy,3
ha,3
eat,3
old,3
friends,3
raining,2
Holiday,2
up.,2
up?,2
chennai,2
NOW!,2
"it..""",2
10p,2
men,2
phone.,2
100,2
i'd,2
NOT,2
off.,2
work,2
wana,2
smth,2
wrong,2
"person,",2
SAE,2
weeks,2
09050001808,2
Msgs,2
each,2
Check,2
forgot,2
2day,2
network,2
sms,2
Ill,2
Coz,2
wanted,2
Ugh,2
starts,2
7,2
too.,2
baby!,2
rates,2
tog,2
shower,2
seen,2
Hey...,2
bruce,2
Wish,2
letter,2
coin,2
busy,2
later.,2
WON!,2
bad,2
picking,2
fault,2
Bring,2
asked,2
boys.,2
rite...,2
phone!,2
kids,2
okay.,2
working.,2
Nah,2
MINUTES,2
"worry,",2
exam,2
game,2
mother,2
yours,2
Thank,2
THAT,2
Thanx,2
latest,2
opt,2
possible,2
Morning,2
Wine,2
normal,2
tonight?,2
Ha,2
He,2
Dunno,2
530,2
SavaMob,2
losing,2
post,2
69698,2
offer,2
ah?,2
Voucher,2
delete,2
brother.,2
trip,2
password,2
‚Ä¶,2
ne,2
"bed,",2
park.,2
test,2
Costa,2
E,2
felt,2
weekend,2
Win,2
special-call,2
oso,2
Dad,2
certainly,2
Prize,2
cheap,2
Wen,2
Gimme,2
best.,2
gud,2
die,2
loads,2
added,2
WON,2
hair.,2
AT,2
though.,2
"say,",2
"here,",2
MY,2
live,2
¬£150,2
¬£800,2
following,2
figure,2
mayb,2
dropped,2
mah,2
YOU!,2
st,2
paid.,2
talk,2
he's,2
mail,2
Sol,2
em,2
Dude,2
tried,2
"Hello,",2
yuo,2
NICE,2
season,2
DO,2
DA,2
sat,2
SOMEONE,2
Fuck,2
Sky,2
posted,2
Ahmad,2
U-find,2
Shopping,2
"man,",2
across,2
FOR,2
comp,2
"whatever,",2
"But,",2
already.,2
Pain,2
Hurry,2
500,2
08712300220,2
www.getzed.co.uk,2
50p,2
XXX,2
s,2
same,2
pan,2
IN,2
semester.,2
08712460324,2
PICSFREE1,2
charged,2
touch,2
weekly,2
seems,2
calls.,2
world,2
pounds,2
miracle,2
decimal,2
08000930705,2
08000839402,2
Geeee,2
TRY,2
oh,2
side,2
stand,2
darren,2
operator,2
log,2
NO,2
WIN,2
rush,2
wasn't,2
tihs,2
tones,2
gone,2
can.,2
weak,2
sale.,2
Fancy,2
alright,2
forget,2
message.,2
tv,2
&lt;DECIMAL&gt;,2
norm,2
song,2
difficult,2
college.,2
small,2
rate,2
abt,2
airport,2
know.,2
company,2
American,2
advance..,2
den,2
learn,2
history,2
da:),2
numbers,2
lei...,2
dream,2
soon,2
paper,2
smiling,2
M95.,2
actually,2
already?,2
might,2
"it,",2
it!,2
6hrs,2
all.,2
Sounds,2
everyone,2
hard,2
eve,2
since,2
ass,2
worth,2
w,2
IL,2
ability,2
fancy,2
done,2
"well,",2
I.ll,2
easy.,2
listen,2
juicy,2
self,2
costs,2
play,2
quote,2
R*reveal,2
Had,2
Haha...,2
fine,2
Hav,2
access,2
Daddy,2
pretty,2
mom's,2
hit,2
later?,2
sex,2
close,2
movie,2
currently,2
Mmmm,2
JUS,2
becoz,2
point,2
likes,2
Wat,2
Was,2
"there,",2
secret,2
there?,2
boy,2
Dont,2
straight,2
bill,2
while,2
ok..,2
pound,2
hoping,2
ready,2
room.,2
Cos,2
Wishing,2
obviously,2
yet.,2
Rate,2
y,2
knw,2
spend,2
T,2
mom,2
using,2
What's,2
gt,2
cut,2
donno,2
urgent,2
Nothing,2
"good,",2
Box,2
step,2
Captain,2
plenty,2
"u,",2
u.,2
we're,2
forward,2
info,2
entry,2
problem.,2
evening,2
cafe,2
chance,2
tone,2
Last,2
draw,2
problems,2
hella,2
gd,2
BSLVYL,2
telling,2
ONLY,2
download,2
that.,2
txting,2
that!,2
app,2
wil,2
wiv,2
love..,2
popped,2
baby,2
88066,2
0800,2
didnt,2
boytoy.,2
wonderful,2
comedy,2
"free,",2
*kiss*,2
light,2
train,2
WITH,2
"meeting,",2
dad,2
¬£2.50,2
questions,2
february,2
stock,2
mas,2
true...,2
special,2
shut,2
POBOX,2
GUARANTEED.,2
BOX95QU,2
K.,2
set,2
reached,2
love!,2
liao...,2
na.,2
bed,2
tonight,2
After,2
"Yeah,",2
you?,2
babe.,2
face,2
Del,2
fact,2
one.,2
winner,2
Update,2
there's,2
community,2
"Aight,",2
"""X""",2
luv,2
missing,2
PO,2
ends,2
today?,2
laugh,2
news,2
Speak,2
pic,2
Valid12hrs,2
slept,2
Orange.,2
Who,2
vl,2
ave,2
Loving,2
noe,2
gets,2
frnds,2
drink,2
bugis,2
wants,2
ARE,2
only!,2
"work,",2
¬£250,2
realize,2
ring,2
early...,2
leaves,2
U?,2
because,2
happens,2
before.,2
"tomorrow,",2
sister,2
Wat's,2
back?,2
road.,2
i've,2
bus,2
delivery,2
minutes,2
display,2
Which,2
guy,2
wat...,2
Year,2
stay,2
kinda,2
8007,2
Yup...,2
Well,2
Many,1
EXPLAIN,1
saves,1
"1,2",1
railway.,1
Tonight?,1
jogging...,1
sending.,1
friend's,1
captain,1
flash.,1
account..,1
10am-7pm,1
edward,1
under,1
standing.,1
AGE,1
shouldn't,1
@,1
risk,1
¬£200,1
msg:,1
GO,1
screaming,1
monkeys,1
Now!4T&,1
Pics,1
MAT,1
ref,1
upload,1
phonebook,1
30pp/txt,1
"Tom,",1
Other,1
"elaine,",1
sachin,1
SUNDAY,1
me!,1
specially,1
"me,",1
mitsake..,1
EVE,1
it*,1
her:,1
anot...,1
7th,1
interesting.,1
scraped,1
"embarassed,",1
me:,1
textoperator,1
"change,",1
Wrong,1
CAMERA,1
ONCALL.,1
COMMON,1
TONE,1
phone?,1
mel,1
meh,1
met,1
"phone,",1
U've,1
celebration,1
strewn,1
clarify,1
study,1
changed,1
NOW,1
changes,1
PISS,1
go...,1
Ever.,1
YES.,1
Usher,1
pub!,1
brought,1
Behind,1
62468,1
anywhere.,1
counts,1
Jen,1
greatness.,1
SD..,1
spoke,1
salary..:-);-),1
world's,1
dnt,1
tm,1
passport,1
Compass,1
right.,1
08709501522,1
breathe,1
much...,1
9.,1
150p/Msg,1
"Okay,",1
Okay.,1
training,1
2optout/D3WV,1
glass,1
warm,1
na-tuition..,1
078,1
9?,1
V,1
"off,",1
road...,1
Mum,1
tc,1
mu,1
K..k:)how,1
cuddle,1
Boys.,1
ms,1
3miles,1
itself..,1
"""Be",1
Jerry,1
involve,1
July.,1
callin,1
isn‚Äòt,1
worse,1
far...,1
Phoenix,1
thousands,1
800,1
Ringtone.,1
hop,1
Apo,1
poker,1
fever,1
description,1
u!,1
mess,1
earlier,1
lab,1
Atlanta.,1
"laugh,",1
fat,1
stuffs.,1
law,1
birthday...,1
types,1
shirt,1
ho!,1
wins,1
attracts,1
"Friendship""...",1
cold.,1
uk's,1
green,1
enter,1
order,1
salon,1
really??,1
Desires-,1
I‚Äòll,1
wednesday.,1
SMILEY,1
satisfied,1
tour?,1
cutie.,1
wud,1
4.30,1
It...!..!!,1
Finish,1
then.,1
"then,",1
somewhere,1
ingredients!,1
(Book,1
SAD,1
imp,1
easier,1
ready.,1
carefully:,1
downs,1
safe,1
Ts&Cs,1
emigrated,1
Yar,1
bank,1
car.so,1
urgently..its,1
Vodka,1
"week,",1
week!,1
India,1
b'coz,1
"linerental,",1
mrng,1
Hi!,1
ISH,1
earlier...,1
week?,1
ducking,1
carlos,1
luck,1
nt?,1
brilliant...1thing.i,1
Wot,1
08714712388,1
wednesday,1
vote,1
G.W.R,1
logo,1
extract,1
saturday,1
*loving,1
dreams.,1
UNICEF's,1
Hurt,1
re,1
outfit.,1
Gd,1
forth,1
University,1
standard,1
(10p/min),1
XXX.,1
icky,1
fowler,1
88039,1
atm,1
days,1
scrounge,1
Urgent,1
go?,1
today's,1
Carry,1
SLEEP..SWEET,1
rang,1
www.SMS.ac/u/bootydelious,1
Prepare,1
"too,",1
lovable,1
waste.,1
Asking,1
177,1
mee..,1
Kaiez...,1
√º'll,1
exhibition...,1
mins&100txt/mth,1
phones,1
jesus..,1
"easy,",1
murder,1
hows,1
tooo,1
gym,1
"floor,",1
took,1
direct,1
Cute:,1
digi,1
HG/Suite342/2Lands/Row/W1J6HL,1
GOIN,1
begins,1
distance,1
Beware!,1
room:),1
"drive"",",1
roles,1
(Career,1
night.,1
tree,1
vl..do,1
matter,1
to.,1
bridgwater,1
rcvd.,1
84128,1
feeling,1
No:81151,1
bridge,1
disturb,1
WK.,1
wasn¬ít,1
spent,1
*passionate,1
DONE!,1
mins,1
tells,1
CASH!,1
Them,1
guys.,1
do.,1
dear..,1
appreciated),1
treat?,1
"yet,",1
Wan2,1
soup.,1
448712404000>Please,1
"cam,",1
greatest,1
Can...,1
blue,1
SEXYCHAT,1
though,1
audition,1
regular,1
long.,1
see.,1
Went,1
grave,1
x-net,1
Whats,1
5free.,1
mins?,1
dog,1
musical,1
TAROT,1
definitely,1
came,1
reserve,1
cannot?,1
kerala.,1
meal,1
brief,1
radio,1
earth,1
SORRY,1
TALKING,1
Big,1
explain,1
Free,1
folks,1
Remembrs,1
wearing,1
Account,1
89555,1
di,1
de,1
T&Cs,1
alcohol?,1
happiest,1
about.,1
situation:,1
beads,1
SPORT,1
"""MIX""",1
SERIOUSLY.,1
weekend.,1
seriously..,1
them.,1
wife....,1
bak,1
"lesson,",1
respond,1
Networking,1
disaster,1
fair,1
"clue,",1
07734396839,1
depends,1
num,1
"SITUATION,",1
Hiya,1
pissed.,1
Somebody,1
Rum,1
Guai...,1
exmpel:,1
muz,1
buying...,1
Mobiles,1
COMIN,1
game?,1
rhythm.,1
ovulate.when,1
however,1
boss,1
GOODTIME!OLI,1
now..,1
Friendship,1
Yours,1
Otherwise,1
bras,1
EVERY1,1
duffer,1
coz,1
jelly,1
against,1
lot.,1
Convey,1
uni,1
login,1
argue,1
buy...,1
dogwood,1
Shoul,1
Max10mins,1
battle.,1
happenin,1
¬£3/wk,1
diff,1
08712404000,1
"now,",1
puts,1
fri,1
"Bx526,",1
tiny,1
LEKDOG,1
deep.,1
SLO(4msgs),1
entered,1
lovely,1
website,1
easy,1
drugs,1
vivek:)i,1
xxx,1
sooooo,1
voicemail.,1
jetton,1
169,1
gautham..,1
Night,1
regretted,1
DEFO,1
"confidence,",1
there...,1
okay!,1
NAME,1
HARDEST,1
She.s,1
slo,1
Cs,1
now...,1
balance,1
bother?,1
"Wanting,",1
over.,1
seven,1
"over,",1
SPORTSx,1
LOL,1
864233.,1
shame,1
ni8,1
working?,1
il,1
peak!,1
march,1
"said,",1
friday?,1
heart.,1
"""A",1
"heart,",1
authorise,1
Stop,1
Cant,1
V.,1
clearly,1
"smoke,",1
belly,1
meets,1
VE,1
AUCTION,1
hang,1
friday.,1
Y,1
he'll,1
MISSED,1
programs,1
unconditionally,1
Mind,1
tho,1
MON.L8RS.x,1
thk,1
cool!,1
"cool,",1
Mins,1
Pete,1
sleeps,1
nydc,1
comin...,1
thanks,1
tmr?,1
yes,1
Da,1
waht,1
adding,1
Gay,1
(long,1
Remembered,1
mine&all,1
Boss,1
beloved,1
openings,1
hav,1
gave,1
09061213237,1
"fact,",1
James,1
online,1
biatch!,1
fusion,1
George's,1
"sleep,",1
upcharge.,1
avent,1
table's,1
know:)this,1
remind,1
IFINK,1
;-(,1
towards,1
Order,1
4.15,1
"Holder,",1
Now!,1
Been,1
Beer,1
HI,1
HL,1
Lacs.there,1
Call.,1
story),1
0871-4719-523,1
enemies,1
sunshine!,1
Life,1
"139,",1
pressies,1
surf...,1
"attack,",1
Statement,1
5),1
booking,1
Calls,1
tonite?,1
deleted,1
dental,1
discount,1
wonders,1
GIFTS!!,1
First,1
AGO.,1
09065171142-stopsms-08718727870150ppm,1
lager.,1
"Okie,",1
08712103738,1
Argument,1
fault&al,1
Still,1
slightly,1
AVA,1
Best,1
allah.,1
Express,1
statements,1
subs,1
texting,1
Make,1
09061743386,1
ppm,1
she.s,1
eve...i,1
lunch:)you,1
"2)Untamed,",1
talent?,1
tirunelvali,1
TEL,1
cancer.,1
support,1
Break,1
Gal,1
STUPID,1
membership.take,1
Congratulations,1
+std,1
January,1
6,1
"so,",1
Nice.nice.how,1
26th,1
k...i'm,1
same.,1
Eek,1
twelve!,1
true,1
shuhui,1
Seventeen,1
appt.,1
collected.,1
his/her,1
attached,1
CHANCE,1
mth,1
Much,1
"wait,",1
wait.,1
temper,1
sore...,1
belovd,1
150,1
153,1
toss,1
covers,1
hungry,1
'',1
guessed,1
promised,1
Really...,1
floating,1
ericsson,1
shit,1
correct.!,1
handed,1
brings,1
2NITE?,1
brisk,1
today...,1
brothers,1
Double,1
Jealous?,1
tirunelvai,1
let's,1
HOW,1
Costs,1
award,1
*devouring,1
450Ppw,1
annoyin!,1
babysitting,1
billion,1
assume,1
cry...,1
FREE2DAY,1
pending.i,1
*exposes,1
85069,1
push,1
"""usf",1
songs,1
"pictures,",1
considering...,1
Cine,1
doesn\'t,1
Winning,1
Bought,1
mah.,1
tea?,1
april,1
father,1
special.,1
sheets.,1
charge,1
asking,1
cons...,1
tampa,1
rhythm,1
lead:),1
Day,1
B'day,1
Anything,1
Hm,1
andrews-boy,1
vegas,1
Plus,1
REALISE,1
stays,1
join,1
trouble,1
CSH11,1
minute,1
cool,1
din,1
accidentally,1
iter,1
solved,1
settle,1
good.,1
ml,1
"Alright,",1
round,1
pmt,1
spiritual,1
says,1
1120,1
gong.,1
else.,1
sign,1
voucher,1
Jane,1
Height,1
drinks,1
exam.,1
pass.They,1
dust?,1
rub,1
Hurts,1
one?,1
boost,1
Me,1
"customer,",1
69866.18,1
"forever,",1
"intelligent,",1
Mm,1
genes,1
feng,1
Gr8,1
understanding,1
water,1
drug,1
home.check,1
rent.,1
pm.,1
pm),1
chikku..:-),1
sending,1
wicket:),1
obese.,1
Prize.,1
"Prize,",1
jay,1
guilty,1
GBP5/month.,1
Sleeping,1
Neva,1
usually,1
weird,1
"beautiful,",1
influx,1
IBH,1
nte.:-,1
myself.,1
Looks,1
READ,1
Yes..he,1
comedy..cant,1
"skype,",1
yoga?,1
skype.,1
hotels,1
prem,1
seekers.,1
ayn,1
you..,1
prove,1
sake,1
www.4-tc.biz,1
dude,1
come...,1
wondering,1
black,1
collecting.,1
Number:,1
BA128NNFWFLY150ppm,1
tuition...,1
Bec,1
PICK,1
dled,1
appendix,1
Time,1
brothas?,1
easiest,1
Latest,1
norm150p/tone,1
08701213186.,1
quoting,1
PUB,1
"sport,",1
chiong,1
Our,1
arrive,1
pickle,1
prsn,1
'SIMPLE',1
predict,1
"messages,",1
Explain!,1
agent,1
9153.,1
heard,1
mokka,1
admirer,1
cardin,1
wot?,1
Terms,1
uncles,1
goodies!,1
nyt,1
till,1
sunday,1
0870141701216+,1
fps,1
"s,",1
vodafone,1
http://www.wtlp.co.uk/text.,1
chechi.,1
staying,1
laundry,1
Always,1
southern,1
moms.,1
owed,1
?-,1
4th,1
hands...,1
EVERYTHIN,1
portal.,1
it‚Äòs,1
complimentary,1
SkilGme.,1
different.,1
whenever,1
6th,1
Watching,1
reservations.,1
themes?,1
EXACT,1
*pushes,1
"no,",1
no.,1
breaking,1
evo.,1
scammers,1
bootydelious,1
northampton,1
wishing,1
years,1
ended,1
lst,1
"early,",1
early.,1
whats,1
4give,1
for.,1
dollars.,1
SonyEricsson,1
Become,1
amazing,1
Rain,1
thanx,1
hanks,1
Once,1
wallpaper,1
Wait,1
non,1
honeymoon,1
@Shesil,1
Dick.,1
readers!,1
"year,",1
NAME2,1
Tomarrow,1
killed,1
nos,1
soon?,1
name,1
birthday?,1
apply:,1
january,1
gal,1
drop,1
oh...,1
PRIVATE!,1
increments.,1
soon.,1
Minimum,1
Simply,1
rock,1
poet,1
eh,1
kano..anyway,1
"salt,",1
Lux,1
eg,1
DONE,1
Aft,1
Lul,1
lowes.,1
"""find",1
Hello.,1
[‚Ä¶],1
"yes,",1
3rd,1
space,1
bday,1
wiskey,1
bed.,1
goodnight.,1
"number,",1
END,1
G,1
why?,1
M227XY.,1
Sometimes,1
"Free,",1
vijaykanth,1
card,1
Gee...,1
raed,1
underwear,1
¬£50award.,1
hill.....,1
rael,1
company?,1
happening?,1
massive,1
swing,1
*smiles*,1
www.txttowin.co.uk,1
1000,1
1225,1
rinu,1
There,1
bishan,1
xx,1
xy,1
spanish,1
carry,1
Probably,1
Ever,1
little,1
necessarily,1
checked,1
Monday,1
stuck,1
lap,1
MOBNO,1
Pose,1
dawns,1
SEX,1
anyone,1
returns,1
food?,1
WORLD,1
hand:),1
mostly,1
on!,1
"much,",1
snatch,1
on?,1
Stupid.its,1
copy,1
Sept,1
Guessin,1
11,1
10,1
bored,1
wap,1
Smiling!!,1
browser,1
Fails,1
Shampain,1
surname,1
wknd,1
Al,1
slap,1
7+2+5=?????,1
Shall,1
3XX,1
groovy.,1
saw,1
care.insha,1
"K,",1
stoners,1
offering,1
www.orange.co.uk/ow,1
habba..hw,1
COLLEGE!,1
answering,1
GO!,1
Refused,1
terrific,1
dining,1
bad!,1
bad.,1
1/3.,1
begin,1
pain,1
¬£4.50.,1
Package,1
price,1
knew,1
ground.,1
buffet,1
falls,1
afternoon.,1
str*,1
unique&I,1
20%,1
mate,1
"www.ringtones.co.uk,",1
nice.,1
so.,1
impossible.,1
gal-can,1
ROOM,1
especially,1
kallis,1
boys,1
mrt,1
egg,1
not?,1
photos.,1
"SAE,",1
something.,1
"something,",1
not!,1
loyalty.,1
"not,",1
shop,1
time...,1
splleing,1
RECPT,1
89545,1
nice:),1
mobsi.com,1
fletcher,1
Wet,1
leh...,1
upgrade,1
2667,1
Wn,1
joke.,1
invited?,1
foward,1
dict,1
raglan,1
thru.Respect,1
"wednesday,",1
0871-872-9755,1
jazz,1
freezing,1
cannot,1
nearly,1
'til,1
ENTER,1
'MARRIED',1
awaiting,1
Having,1
TOWN,1
regarding,1
Right,1
recharged,1
worried,1
cstore,1
HUNNY!WOT,1
Kinda.,1
T&C's,1
mrng!,1
YES,1
tortilla,1
worrying,1
silently,1
"crazy,",1
Tmr,1
HELP,1
job?,1
Toll,1
box,1
hasn't,1
connections,1
college,1
barring,1
job!,1
parking,1
days.will,1
NBME,1
Phone?,1
Aww,1
celeb!4,1
SMS.,1
landline,1
yesterday,1
doing!,1
now!SKY,1
"anyway,",1
K...k...when,1
style,1
killing,1
sea*,1
footie,1
ji,1
Were,1
WAY2SMS.COM,1
comb,1
doing?,1
"Cost¬£1.50/pm,",1
way?,1
mob,1
Give,1
rushing.,1
mono,1
thanx.xx,1
quiet,1
personal,1
tour,1
"fine,",1
lavender?,1
way!,1
Apnt,1
Scoring,1
among,1
color,1
hurts,1
PERSON.,1
centre,1
6.,1
Xuhui,1
great..bhaji,1
couldn't,1
"caring,",1
mapquest,1
ordered,1
engin?,1
lakhs:),1
DIDNT,1
want.,1
brats,1
"Mila,",1
arts,1
lotsly!,1
2%,1
stretch,1
apologise.,1
CASH,1
mark,1
"games,",1
250,1
Jordan!Txt,1
7.8p/min,1
shopping,1
friendship..,1
Phil,1
chatting.,1
wounds,1
"""Oh",1
maggi,1
TsCs087147403231Winawk!Age16,1
WAS,1
those,1
sound,1
myself,1
accessible.,1
these,1
<Forwarded,1
enjoy!,1
situation,1
expired..so,1
Open,1
TELL,1
bathe,1
use?,1
purse,1
coffee,1
bian,1
sleeping,1
middle,1
sudden,1
Thout,1
return,1
property,1
amore,1
LDN.,1
it..,1
develop,1
doctor,1
Vry,1
booty...,1
nightnight,1
urself,1
TXTAUCTION!Txt,1
DVD!,1
unemployed,1
8714714,1
IT.(NOW,1
"sleepin,",1
IQ,1
Soul,1
weed,1
Soup,1
running,1
m...,1
pookie,1
Dream,1
cartoon,1
09094100151,1
'help',1
BORING.,1
PA,1
nothin,1
breezy,1
(flights,1
Senthil,1
MobileUpd8,1
√º?,1
pa.,1
Party's,1
Service,1
am.,1
Mobileupd8,1
style?,1
sum1,1
09065069120,1
Lions,1
showed,1
Pleasure,1
GIRL,1
reaching?,1
mail.i,1
HUN!,1
blow,1
shldxxxx,1
"Box61,M60",1
yr,1
asthma,1
Would,1
AWARD!,1
smiling.,1
rose,1
manda...,1
K718.,1
lets,1
(I,1
adsense,1
SF,1
energy..,1
suckers.,1
real,1
wife.,1
address?,1
teasing,1
papers,1
MYSELF,1
Tones,1
08718730666,1
lady,1
heap.,1
(32/F),1
fortune,1
dick!,1
Pic,1
Pie,1
¬£350,1
9t..,1
party:-),1
laughing,1
"blonde,",1
FONE,1
Since,1
09058095201,1
Mark,1
goin,1
IKEA,1
MELNITE,1
provided,1
12mths,1
confirm,1
noon,1
stops,1
moon,1
freek,1
HAVENT,1
doggy,1
hustle,1
wlcome,1
JUST,1
tuition,1
drms,1
$700,1
apartment.,1
MISS,1
acc,1
smile..:),1
Bull.,1
stop.,1
Forgot,1
mean,1
"out,",1
"flies,",1
Yes.,1
RANG,1
"Yes,",1
EVER,1
blessed,1
391784.,1
.........,1
that‚Äòs,1
"morning,",1
worried.,1
STOP?,1
"tone,",1
lionm,1
ass!,1
TXTAUCTION,1
lol,1
start,1
Great!,1
STOP.,1
lionp,1
Scotch,1
sale,1
Great.,1
750,1
complete,1
Wif,1
you!,1
landline.,1
"landline,",1
announcement,1
(mob,1
2nite?,1
Guide,1
buying,1
faster,1
K..i,1
preponed,1
Neville?,1
1ER,1
"division,",1
"May,",1
"classes,",1
dependents,1
"adjustable,",1
ad,1
cbe,1
1205,1
modules,1
Peaceful,1
al,1
deep,1
intro,1
princess.,1
"occupied,",1
moves,1
I‚Äòve,1
tahan,1
prospects.,1
msg@¬£1.50rcvd,1
Read,1
Xmas...,1
3100,1
"back,",1
gandhipuram,1
evenings,1
"call,",1
puppy,1
Asian,1
pillows,1
move.,1
ru,1
students,1
account?,1
"Fuck,",1
important,1
re-send.,1
Half,1
STARS,1
accent.,1
tackle,1
Omg,1
spouse,1
closeby,1
building,1
studio,1
tattoos?,1
news...Hype,1
someone.,1
outreach.,1
92H.,1
1/2price,1
original,1
SIX,1
12hrs,1
pussy!,1
cooperative,1
smoking,1
messy,1
liao,1
everyones,1
3POUND,1
answr.,1
rd,1
&Cs,1
COME,1
-u,1
"POBox334,",1
H&M,1
GOODMORNING,1
th,1
tallent,1
SEEN.,1
Eat,1
BMW,1
paying,1
mah...,1
appointment,1
talk.,1
everyone.,1
tomorrow?,1
college?,1
I'd,1
sun.,1
decide,1
surprise,1
Machan,1
condition,1
BEAUTIFUL,1
heaven,1
Love!!,1
joined,1
grandfather,1
Jokin,1
Ring,1
Noice.,1
cookies,1
08712405020.,1
195,1
range.,1
past,1
burger,1
perspective,1
pass,1
further,1
BT-national-rate,1
him?,1
dial,1
should.,1
cast,1
sun,1
fucks,1
dat..,1
dreams..Muah..,1
him.,1
0207,1
pic.,1
ya.,1
sup,1
mins!,1
"lunchtime,",1
racing,1
trebles!,1
word:START,1
Short,1
Offer,1
loose,1
diapers,1
087187262701.50gbp/mtmsg18,1
elsewhere?,1
life.,1
BABY,1
Abiola,1
strong,1
classmates?,1
jurong,1
85023,1
ahead,1
exhausted.,1
02/09/03!,1
allows,1
nmde,1
arent,1
social,1
DONATE,1
"apologize,",1
camcorder,1
MUCH,1
via,1
chinchillas,1
vid,1
Things,1
DUMB?,1
"Goodmorning,my",1
Unfortunately,1
K:)k:)good:)study,1
Theory:,1
pulls,1
"know,",1
establish,1
Europe,1
lady.,1
takes,1
vary).,1
FRND,1
MK17,1
wks!,1
morn,1
"69855,",1
OUT,1
m8?,1
throws,1
door,1
knows,1
-PLS,1
St,1
excuse,1
go.,1
ain't,1
playng,1
(150p/SMS),1
text?,1
glad,1
Yahoo!,1
town,1
keeping,1
You've,1
AUGUST!,1
me!!,1
missunderstding,1
online!,1
"online,",1
male,1
scorable,1
thanx!,1
beautiful,1
stubborn,1
perhaps.,1
reply...,1
dislikes,1
CAT,1
10am-9pm,1
NOTHING!,1
sense,1
DATE,1
WALES,1
noon....,1
sdryb8i,1
rather,1
lambu,1
dartboard.,1
"SORTED,BUT",1
"sec,",1
chuck.:-),1
YES-434,1
liao.,1
upto,1
"idea,",1
fr,1
Don,1
plans,1
rude,1
"yijue,",1
aft?,1
weaknesses,1
characters...,1
Nothing.,1
concentrating,1
response,1
Sub.,1
0871277810910p/min,1
short,1
orchard,1
register,1
anytime,1
firefox.,1
09066358152,1
roommates,1
playing,1
need.,1
Offer:,1
tallahassee,1
"weed""",1
"weed,",1
bed...,1
2StopTxt,1
.Gud,1
vaazhthukkal.,1
hell,1
"ok,",1
saucy,1
25,1
"sundayish,",1
cakes.,1
March,1
Dun,1
pray,1
exact,1
AOM,1
2?,1
box334sk38ch,1
PLUS,1
9pm.,1
2.,1
K...k...yesterday,1
"Hmm,",1
arguments,1
"No,",1
somebody,1
seeking,1
food,1
propose,1
online?why?,1
POBox,1
jiu,1
great!,1
Erm,1
pages..,1
2u,1
fine.,1
coping,1
DREAMS..,1
TONE.,1
Potter,1
of?,1
eveB-),1
9+2+4=,1
Going,1
also.,1
cost?,1
Hospitals,1
out?,1
heavy,1
(but,1
Tel),1
mental,1
call2optout/4QF2,1
Rose,1
energy,1
ISNT,1
"AOM,",1
¬£2000,1
one's?,1
g696ga,1
goodnite,1
3wks.,1
mates,1
house?,1
6669,1
prolly,1
Prof:,1
childish,1
"Year,",1
ADAM,1
¬£350!,1
bcums,1
occurs,1
ok...,1
expensive.,1
09099726553,1
on-edge,1
stop...,1
pleasant,1
Jay,1
refreshed,1
Uni,1
Male,1
:V,1
gigolo?,1
09058094599,1
18+,1
eta.,1
"2004,",1
ding,1
"Motorola,",1
LUV,1
code,1
doctor.,1
leh.,1
arsenal,1
4years,1
dint,1
"minutes,",1
minutes.,1
sucker.,1
Team.,1
Personality,1
moan,1
jet,1
Nature,1
family.,1
5th,1
world....gnun,1
88888,1
B'tooth*.,1
station,1
tonght,1
hundred,1
mobiles,1
80086,1
option,1
first.,1
INDYAROCKS.COM,1
hotel,1
Brief,1
fall,1
stairs,1
$1,1
dude.,1
pain.,1
mobile!,1
"order,",1
Mmmmm,1
kalaachutaarama..!!,1
str,1
2MOROW,1
treated,1
wat.,1
gals,1
experience.,1
Thnx,1
kaypoh..,1
Orange,1
vouchers-Text,1
"rush,",1
83049.,1
Forgets,1
¬£33.65,1
thought,1
lit,1
me..,1
lip,1
"SK38xh,",1
somtimes,1
prompts.,1
it),1
chill,1
buff,1
Prashanthettan's,1
Tease,1
UpgrdCentre,1
virgin,1
jst,1
Thk,1
plan,1
eaten,1
liver.,1
STORE,1
that),1
kb,1
FROM,1
thirunelvali,1
1.5p/min,1
phone!!,1
"yeah,",1
organise,1
clean,1
barrel,1
"night,",1
parents.:)i,1
giv..its,1
fone,1
shangela.,1
email?,1
fink,1
relation,1
FRIENDSHIP,1
nxt?,1
month's,1
Britney.,1
Nationwide,1
08714342399.2stop,1
Goodo!,1
ruin,1
buying?,1
"going,",1
flights,1
MANEESHA,1
8,1
pleasure!,1
going.,1
california.,1
hip,1
tuesday.,1
Orh,1
"already,",1
quizzes,1
!!''.,1
register.,1
07123456789,1
famous,1
tomo?Can't,1
rest,1
alive?,1
during,1
weeks!,1
keyword,1
Auntie,1
¬£10,1
SPAM,1
remove,1
nite.,1
investigate,1
4txt/120p,1
Evrey,1
Unsecured?,1
doubles,1
88088,1
INSTEAD!,1
Enna,1
PORN,1
naked,1
Voda,1
lion,1
individual,1
dumb,1
Oyea.,1
sea,1
Westlife,1
sem,1
"Stockport,",1
project,1
Printer,1
girl.,1
hungry.,1
fans,1
"years,",1
EH74RR,1
silly,1
donate,1
transfered,1
supposed,1
available,1
gym?,1
Haven't,1
ZOE,1
happiness.,1
PREMIER.,1
"6days,",1
dealer's,1
pissed,1
AND,1
10th,1
dear..slp,1
mega,1
pple...,1
monster!,1
630,1
09066612661,1
unfortunately...,1
air?,1
whole,1
"knew,",1
Mr,1
dudes,1
except,1
wrnog..,1
computers?,1
asda,1
u...,1
raise,1
hoops,1
peace..,1
outstanding,1
there!,1
nachos.,1
pc,1
PocketBabe.co.uk,1
msn...,1
slob-,1
Sale!,1
laready,1
anythin,1
gay,1
fire,1
gas,1
N,1
TxtNO,1
UK.,1
representative,1
She's,1
Student:,1
Sleep.,1
live:),1
Bloody,1
wihtuot,1
kick,1
Huh?,1
sitll,1
fret.,1
Miss,1
MO,1
TsandCs,1
City,1
use.,1
6hrs.,1
BIRTHDAY,1
Come,1
yogasana,1
chase,1
"away,",1
Meet+Greet,1
fetching,1
cal;l,1
away?,1
grand,1
9,1
PC.,1
GOOD,1
Nt,1
drunk!,1
banter,1
boo,1
thinkThis,1
Dial,1
uses,1
user,1
approved..,1
mylife.,1
Wherre's,1
yet?,1
lower,1
150ppmPOBox10183BhamB64XE,1
Jsut,1
anybody,1
services,1
WTF.,1
NOKIA6600,1
Living,1
project.,1
well..take,1
"point,",1
XxX,1
matter.,1
Wasted...,1
yrs,1
useful,1
bedrm-$900...,1
Vodafone,1
customer.,1
tablet,1
PIC,1
guaranteed,1
;_;,1
wheellock?,1
source,1
Brandy,1
internal,1
parents,1
"shit....!!""",1
BACKWARDS),1
doors,1
showing,1
unlimited,1
tiring,1
coupla,1
Rs.5,1
Truth,1
beta...,1
England,1
Genius,1
Irritates,1
u're,1
consensus,1
continue,1
www.textcomp.com,1
urgent.but,1
Find,1
Treat,1
Hey.,1
SW73SS,1
pierre,1
b4,1
trends,1
form:)clark,1
pale,1
B4,1
Mostly,1
type..lyk,1
singing,1
decision,1
shall,1
pros,1
good?,1
89080,1
dating,1
temple,1
anna,1
either,1
processed...,1
usf,1
remembered,1
gentleman,1
wasting.,1
crammed,1
O,1
bt,1
-VIVEKANAND-,1
Boo,1
saturday.,1
HMM,1
major,1
URGENT!:,1
IVE,1
changing,1
She'll,1
You'd,1
Ron,1
"unemployed,",1
soft,1
plaza,1
Lion,1
today..,1
THOSE,1
msg..,1
lar.,1
HOPE,1
seeing,1
Bears,1
"ME,",1
Mob!,1
colour,1
Later,1
crash,1
nothing,1
lesson,1
ofice...got,1
"""Our",1
spacebucks,1
u?,1
"see,",1
sad,1
mistakes?,1
ache,1
believe.,1
"5249,",1
:,1
sections,1
files,1
fault&fed,1
pounded,1
Girls,1
registered,1
*grins*,1
interested.,1
hoped,1
barcelona.,1
WC1N,1
link,1
library,1
wnt,1
totes.,1
Prof:????,1
Help?,1
line,1
smart..Though,1
loan?,1
question..,1
U...,1
himso,1
20p/min,1
sounds,1
Hasbro...in,1
Those,1
Admirer,1
today!From,1
09064012103,1
etc.,1
side.,1
‚ÄúHarry,1
v,1
freak,1
cover,1
Secured,1
lost.,1
"problem,",1
smile*,1
smile.,1
Map,1
87021.,1
Opt-out,1
FUCKING,1
credit?,1
TO,1
nap,1
points,1
Teach,1
stops.,1
cricket,1
TC,1
"hell,",1
only...,1
Customer,1
wrongly,1
favourite,1
tmr,1
"usf,",1
Thought,1
guy's,1
Becoz,1
Laughing,1
08715205273,1
dinner...,1
"HARRY,",1
Babe:,1
ago,1
yijue?,1
independently,1
actor.,1
age,1
STOPBCM,1
gr8,1
scream,1
impatient,1
2003,1
2000,1
far,1
zeros.,1
MTALK,1
Men,1
Monthly,1
rebtel,1
Gin,1
nuerologist.,1
LA3,1
08719181513.,1
Aiyah,1
heart....gn,1
2NITE-TELL,1
ofice,1
birla,1
Gsex,1
ola?,1
buffet...,1
wind.,1
torture,1
facebook,1
way&this,1
drinking,1
ending,1
Ok..,1
¬£1.50/week.,1
respectful,1
cuddling..,1
help!,1
'hex',1
GSOH?,1
toClaim.,1
relax.,1
No:,1
Ummmmmaah,1
havent,1
Here,1
No1,1
you'd,1
pants.,1
Offer!,1
*wicked,1
grooved,1
jump,1
video,1
picked,1
"weird,",1
Final,1
click,1
luv!..,1
(18+),1
cell,1
Eh,1
costing,1
Valid,1
rd.,1
houseful,1
3d,1
body,1
Motorola,1
thanx...,1
skyving,1
commercial,1
growing,1
"age23,",1
night:-),1
"2go,",1
settling,1
"2day,",1
involved,1
30,1
leaving,1
defeat,1
Mmmmmm,1
3!,1
"play,",1
makes,1
Staff,1
haircut.,1
wid,1
prize!,1
private,1
names,1
nyt...,1
apply,1
dearly.,1
mens,1
brother‚Äòs,1
Promotion,1
HEART,1
"dreams,",1
crap,1
good.environment,1
POINT,1
stylish.,1
please?!,1
physics,1
camera,1
WORDS,1
fixed,1
savings.,1
awesome,1
Bcoz,1
sort,1
hard!,1
sir.,1
"sir,",1
confused,1
gettin,1
hard?,1
verify.,1
JEN,1
Beautiful,1
frequently,1
practicing,1
LOST,1
us.,1
misfits,1
heavy...,1
txt>,1
Video,1
thin,1
come..til,1
tat,1
YM,1
calculation,1
TOP,1
Rats.,1
tag,1
pulling,1
"water,",1
dignity,1
MITE,1
"hopefully,",1
tai,1
sis,1
"""KUDI""yarasu",1
Lovely,1
HIT,1
boy-y?,1
BAK,1
greatly,1
about?,1
msg/subscription.,1
British,1
restrict,1
08001950382,1
fab,1
escape.,1
popcorn,1
rental,1
Leave,1
dinner?,1
One,1
CHOSEN,1
courage,1
road,1
clearer..,1
6031,1
tescos,1
fastest,1
"affection,",1
move,1
ladies,1
won't,1
lunch...,1
"solihull,",1
crazy..,1
Hottest,1
hand?,1
nasty,1
boggy,1
superior,1
la,1
me?',1
mjzgroup.,1
important.,1
Congrats,1
Thanks.,1
1/08/03!,1
"Thanks,",1
tyler,1
choose,1
steyn,1
Multiply,1
world.,1
court.,1
cust,1
gving,1
auto,1
practice,1
Calls¬£1/minMobsmore,1
SUNDAY..:),1
Active,1
Help,1
Summer,1
Hi..i,1
yesterday.,1
"yesterday,",1
Thanx..,1
Okie..,1
THIS,1
"by,",1
mode,1
truth,1
shortage,1
crossing,1
36504,1
beneath,1
|,1
From,1
usc,1
trash.,1
Wendy,1
haf...,1
Bluetooth,1
lacs..thats,1
power,1
HOLIDAY,1
"I,",1
Foned,1
AVENT,1
"SavaMob,",1
"footbl,crckt..",1
cause,1
tests.,1
cricketer,1
minute.,1
pours,1
attributed,1
completely,1
Hmm...Bad,1
surely,1
*phews*,1
shun,1
"20,000",1
princess,1
g,1
Upd8,1
put,1
k:)but,1
night...,1
‚Äì,1
respect.,1
Help08718728876,1
Facebook?,1
imagination..My,1
4goten,1
loo,1
Yummmm,1
CHAT,1
praps,1
MUM,1
have.,1
kid..,1
dump,1
"gal-no,",1
messy...,1
'xam...,1
abstract?,1
their,1
sumthin!,1
PLEASSSSSSSEEEEEE,1
"Saturday,",1
final,1
cabin,1
experiencehttp://www.vouch4me.com/etlp/dining.asp,1
prix?,1
K:)k.are,1
"28,",1
regards,1
unsubscribe,1
Wife.how,1
"ninish,",1
WILL!!,1
Ladies,1
RINGTONE,1
boring,1
bother,1
150p,1
lover,1
ard,1
'anything',1
here:),1
love!!,1
comes?,1
explicit,1
150pm,1
02073162414,1
We'll,1
case,1
Secret,1
10p/min,1
throat,1
turn,1
*a,1
afraid,1
congrats,1
able,1
Loyalty,1
hr,1
RIGHT,1
ahold,1
babes,1
86688,1
pin?,1
BIT,1
Glad,1
dinner.,1
"loving,",1
WC1N3XX,1
lunch?,1
98321561,1
150p.,1
whn,1
Available,1
lunch.,1
relation..,1
police,1
lined,1
placement,1
nitros.,1
nobody,1
request,1
thanksgiving,1
GOODNIGHT,1
sexy!,1
april.,1
2mrw,1
nt.swt,1
face.,1
drunken,1
invited,1
chances,1
2optout,1
anyway,1
bring,1
planning,1
Yun,1
WANT,1
utter,1
MUST,1
sake?!,1
"you,so",1
tv...,1
holder,1
(,1
embarassed,1
PICS,1
jan,1
=D,1
loved,1
wrking,1
lemme,1
85555,1
PHONE,1
CARLIE,1
Aah.,1
count,1
Chk,1
workin,1
problem:-),1
familiar,1
5pm.,1
11mths,1
87077,1
bear,1
ones,1
Newport,1
words,1
Sony,1
timing,1
before...,1
borin,1
Italian,1
87575.,1
nyt:-*,1
Because,1
chikku..simple,1
gautham?,1
hills,1
anything.,1
Sent,1
calling,1
fuck's,1
imposed,1
shd,1
eh?,1
filthyguys.,1
anything?,1
looks,1
guessing,1
"straight,",1
Kind,1
computer,1
full,1
TEXTS!,1
IT?xx,1
frndship,1
NO-434,1
wap.,1
closer,1
mind?,1
"FML,",1
nuclear,1
finally,1
horny,1
PC,1
mind.,1
Gravity..,1
difficult..,1
konw,1
bought,1
ideas?,1
MOON,1
¬£3.00,1
*teasing,1
vry,1
haha...,1
thanks.,1
Thanx.,1
S,1
5.30,1
synced,1
ago...,1
avoiding,1
package.,1
wondarfull,1
OPT,1
naughty...,1
yck?,1
shitstorm,1
admin,1
taking,1
BEEN,1
etc,1
admit,1
available..i,1
"gay,.;-):-D",1
safely,1
batchlor,1
cn,1
Her,1
friend.,1
differences...,1
hopeful...,1
numbers.,1
disturbing,1
"done,",1
done.,1
3GBP,1
quit,1
Gamestar,1
8+6+3=,1
lt,1
Oranges,1
Jus,1
yan,1
treat,1
Juz,1
copied,1
"home,",1
"c,",1
moved,1
Everytime...,1
heart..,1
finished,1
kicks,1
mths,1
present,1
Aiyo...,1
soon...,1
CALL,1
harder,1
Hot,1
value,1
choices,1
smth..,1
owns,1
will!,1
pictures,1
months?,1
Any,1
ringing,1
NIGHT,1
walks,1
site,1
Slept?,1
ph?,1
lifetime,1
hearted,1
BORED,1
sumfing,1
24Hrs,1
Sort,1
though!,1
players,1
2WU.,1
juan,1
payasam,1
of.,1
cross,1
member,1
poly.,1
units,1
hitter.anyway,1
Sindu,1
We'd,1
Amrita,1
nokia,1
dem.,1
now!SavaMob-member,1
just..,1
¬£1.50perWKsub,1
5+3+2=,1
Txt:,1
mall?,1
yoga,1
spree,1
armand's,1
reaching...,1
"frnd,",1
raping,1
ALWAYS,1
09066364311,1
usual,1
Idea,1
Fantasy,1
get?,1
inc),1
Never,1
newest,1
"Nick,",1
moments,1
only.,1
kettoda,1
NAME1,1
SOON,1
pie!,1
BT,1
groovying,1
virtual,1
U..,1
tough,1
"Oh,",1
Be,1
"wrk,",1
ads,1
ladies?U,1
payment.,1
Company,1
wen,1
Bt,1
add,1
appreciate,1
POBox36504W45WQ,1
By,1
match,1
:)it,1
who's,1
dryer,1
moment.,1
burden,1
"moment,",1
immediately,1
"1)Unbreakable,",1
ALRITE,1
freefone,1
SHITIN,1
09050000555.,1
other!,1
pure,1
inviting,1
wanna?,1
balloon!,1
loses,1
LATE,1
(or,1
FREE.,1
FREE!,1
details!,1
CHILLIN,1
england?,1
08452810071,1
knee's*,1
buns!,1
"offer,",1
Guaranteed,1
oh.,1
nagar,1
DOWN,1
bitch.,1
shes,1
X,1
blake's,1
U!,1
Careful!,1
sorry-i,1
orchard.,1
glad.,1
lead,1
¬£1,1
literally,1
avoid,1
However,1
gettin.,1
enemy..,1
amt.,1
ese,1
world:).very,1
forgiven,1
speak,1
Football,1
noise,1
obey,1
reaching,1
forever....,1
"hey,",1
taken...Only,1
3)Unkempt.,1
a-?,1
net..no,1
08717898035.,1
09071517866,1
Jeremiah.,1
actual,1
"150p/day,",1
welp?,1
BEDROOM!LOVE,1
Ages,1
managed.,1
likely,1
Gudni8,1
UK,1
prince..GN:-),1
"cheaper,",1
cheaper.,1
Really,1
330.,1
apps,1
recognise,1
times?,1
payment,1
"know,yetunde",1
Two,1
W45WQ,1
promise,1
frm,1
salesman...,1
6.45pm.,1
whos,1
harlem.,1
Sleepwell&amp;Take,1
varma,1
video.,1
Jamster!,1
problem..,1
08718723815.,1
Vegas,1
tv..he,1
"place,",1
cliff,1
huai,1
Dey,1
care..swt,1
RECEIVE,1
brand,1
hv,1
hug?...,1
hi,1
mailed,1
ho,1
Den,1
That'll,1
secs?,1
CUM,1
bud,1
08709222922.,1
¬£250k,1
places,1
dhina,1
dangerous,1
this.,1
Depends,1
converted,1
arng,1
woke,1
problem,1
Doesn't,1
settled,1
pin,1
nurses,1
contribute,1
meaningless,1
Tsunami,1
Realy,1
girl,1
mails.,1
HER,1
Person,1
pilates...,1
0870241182716,1
like!,1
when...,1
40,1
4.,1
gossip,1
details,1
(10p/min).,1
dose,1
DAY,1
dresser,1
yours.,1
area,1
again.,1
Like,1
09050090044,1
Remove,1
"in,",1
MOST,1
genus,1
in!,1
MILLIONS,1
fund,1
"Friday,",1
hello-ed,1
LKPOBOX177HP51FL,1
Very,1
TV.,1
status,1
