spam,"Hi, wlcome back, did wonder if you got eaten by a lion or something, nothing much"
spam,"Just so that you know,yetunde hasn't sent money yet. I just sent her a text not to bother sending. So its over, you dont have to involve yourself in anything. I shouldn't have imposed anything on you in the first place so for that, i apologise."
spam,Hello boytoy ! Geeee ... I'm missing you today. I like to send you a tm and remind you I'm thinking of you ... And you are loved ... *loving kiss*
spam,Great! So what attracts you to the brothas?
spam,Thanks for this hope you had a good day today
spam,"FREE2DAY sexy St George's Day pic of Jordan!Txt PIC to 89080 dont miss out, then every wk a saucy celeb!4 more pics c PocketBabe.co.uk 0870241182716 ¬£3/wk"
spam,"FREE NOKIA Or Motorola with upto 12mths 1/2price linerental, 500 FREE x-net mins&100txt/mth FREE B'tooth*. Call Mobileupd8 on 08001950382 or call 2optout/D3WV"
spam,Tomarrow i want to got to court. At  &lt;DECIMAL&gt; . So you come to bus stand at 9.
spam,Ok i found dis pierre cardin one which looks normal costs 20 its on sale.
spam,I was up all night too worrying about this appt. It's a shame we missed a girls night out with quizzes popcorn and you doing my hair.
spam,I was at bugis juz now wat... But now i'm walking home oredi... √ú so late then reply... I oso saw a top dat i like but din buy... Where r √º now? 
spam,Genius what's up. How your brother. Pls send his number to my skype.
spam,Well keep in mind I've only got enough gas for one more round trip barring a sudden influx of cash
spam,Enjoy ur life. . Good night
spam,"Mostly sports type..lyk footbl,crckt.."
spam,"Sorry I missed you babe. I was up late and slept in. I hope you enjoy your driving lesson, boytoy. I miss you too ... *teasing kiss*"
spam,"Short But Cute: ""Be a good person, but dont try to prove it.."" .Gud noon...."
spam,Nothing. Can...
spam,I can't make it tonight
spam,Good Morning plz call me sir
spam,Ok...
spam,U R THE MOST BEAUTIFUL GIRL IVE EVER SEEN. U R MY BABY COME AND C ME IN THE COMMON ROOM
spam,I am not at all happy with what you saying or doing
spam,Ok lor then we go tog lor...
spam,"3 FREE TAROT TEXTS! Find out about your love life now! TRY 3 FOR FREE! Text CHANCE to 85555 16 only! After 3 Free, Msgs ¬£1.50 each"
spam,Where at were hungry too
spam,Neva mind it's ok..
spam,I don't know u and u don't know me. Send CHAT to 86688 now and let's find each other! Only 150p/Msg rcvd. HG/Suite342/2Lands/Row/W1J6HL LDN. 18 years or over.
spam,Yeah you should. I think you can use your gt atm now to register. Not sure but if there's anyway i can help let me know. But when you do be sure you are ready.
spam,"Bears Pic Nick, and Tom, Pete and ... Dick. In fact, all types try gay chat with photo upload call 08718730666 (10p/min). 2 stop texts call 08712460324"
spam,Mum say we wan to go then go... Then she can shun bian watch da glass exhibition... 
spam,√ú got wat to buy tell us then √º no need to come in again.
spam,Get ur 1st RINGTONE FREE NOW! Reply to this msg with TONE. Gr8 TOP 20 tones to your phone every week just ¬£1.50 per wk 2 opt out send STOP 08452810071 16
spam,Ha ha ha good joke. Girls are situation seekers.
spam,"Haven't found a way to get another app for your phone, eh ? Will you go to the net cafe ? Did you take that job? Geeee I need you babe. I crave to see you ..."
spam,Ok. So april. Cant wait
spam,Did you show him and wot did he say or could u not c him 4 dust?
spam,Did u see what I posted on your Facebook?
spam,"MOON has come to color your dreams, STARS to make them musical and my SMS to give you warm and Peaceful Sleep. Good Night"
spam,tells u 2 call 09066358152 to claim ¬£5000 prize. U have 2 enter all ur mobile & personal details @ the prompts. Careful!
spam,Hurry home. Soup is DONE!
spam,I'm glad. You are following your dreams.
spam,I donno its in your genes or something
spam,SMS AUCTION You have won a Nokia 7250i. This is what you get when you win our FREE auction. To take part send Nokia to 86021 now. HG/Suite342/2Lands Row/W1JHL 16+
spam,Lul im gettin some juicy gossip at the hospital. Two nurses are talking about how fat they are gettin. And one thinks shes obese. Oyea.
spam,"Aight I've been set free, think you could text me blake's address? It occurs to me I'm not quite as sure what I'm doing as I thought I was"
spam,Ok...
spam,Are we doing the norm tomorrow? I finish just a 4.15 cos of st tests. Need to sort library stuff out at some point tomo - got letter from today - access til end march so i better get move on!
spam,"New Theory: Argument wins d SITUATION, but loses the PERSON. So dont argue with ur friends just.. . . . kick them &amp; say, I'm always correct.!"
spam,Hi 07734396839 IBH Customer Loyalty Offer: The NEW NOKIA6600 Mobile from ONLY ¬£10 at TXTAUCTION!Txt word:START to No:81151 & get Yours Now!4T&
spam,She.s good. She was wondering if you wont say hi but she.s smiling now. So how are you coping with the long distance
spam,Gimme a few was  &lt;#&gt;  minutes ago
spam,Dad went out oredi... 
spam,"U've been selected to stay in 1 of 250 top British hotels - FOR NOTHING! Holiday valued at ¬£350! Dial 08712300220 to claim - National Rate Call. Bx526, SW73SS"
spam,Did you catch the bus ? Are you frying an egg ? Did you make a tea? Are you eating your mom's left over dinner ? Do you feel my Love ?
spam,Ron say fri leh. N he said ding tai feng cant make reservations. But he said wait lor.
spam,Oh oh... Wasted... Den muz chiong on sat n sun liao...
spam,Good sleep is about rhythm. The person has to establish a rhythm that the body will learn and use. If you want to know more :-)
spam,Let Ur Heart Be Ur Compass Ur Mind Ur Map Ur Soul Ur Guide And U Will Never loose in world....gnun - Sent via WAY2SMS.COM
spam,Check mail.i have mailed varma and kept copy to you regarding membership.take care.insha allah.
spam,"It's cool, let me know before it kicks off around  &lt;#&gt; , I'll be out and about all day"
spam,I reach home safe n sound liao...
spam,Gud mrng dear hav a nice day
spam,Just glad to be talking to you.
spam,"Thanks for your ringtone order, ref number K718. Your mobile will be charged ¬£4.50. Should your tone not arrive please call customer services on 09065069120"
spam,08714712388 between 10am-7pm Cost 10p
spam,Wat's my dear doing? Sleeping ah?
spam,The evo. I just had to download flash. Jealous?
spam,"Hello, As per request from  &lt;#&gt;  Rs.5 has been transfered to you"
spam,Lol ok your forgiven :)
spam,Bull. Your plan was to go floating off to IKEA with me without a care in the world. So i have to live with your mess another day.
spam,"Men always needs a beautiful, intelligent, caring, loving, adjustable, cooperative wife. But the law allows only one wife...."
spam,We currently have a message awaiting your collection. To collect your message just call 08718723815.
spam,I'm at bruce &amp; fowler now but I'm in my mom's car so I can't park (long story)
spam,PLEASSSSSSSEEEEEE TEL ME V AVENT DONE SPORTSx
spam,"Haha... Sounds crazy, dunno can tahan anot..."
spam,"Lets use it next week, princess :)"
spam,What happen to her tell the truth
spam,Somebody set up a website where you can play hold em using eve online spacebucks
spam,Oh yeah clearly it's my fault
spam,"So you think i should actually talk to him? Not call his boss in the morning? I went to this place last year and he told me where i could go and get my car fixed cheaper. He kept telling me today how much he hoped i would come back in, how he always regretted not getting my number, etc."
spam,"As I entered my cabin my PA said, '' Happy B'day Boss !!''. I felt special. She askd me 4 lunch. After lunch she invited me to her apartment. We went there."
spam,Hey... Why dont we just go watch x men and have lunch... Haha 
spam,"Yeah hopefully, if tyler can't do it I could maybe ask around a bit"
spam,Can't take any major roles in community outreach. You rock mel
spam,My exam is for february 4. Wish you a great day.
spam,Yup he msg me: is tat yijue? Then i tot it's my group mate cos we meeting today mah... I'm askin if √º leaving earlier or wat mah cos mayb √º haf to walk v far...
spam,"Hi ya babe x u 4goten bout me?' scammers getting smart..Though this is a regular vodafone no, if you respond you get further prem rate msg/subscription. Other nos used also. Beware!"
spam,Minimum walk is 3miles a day.
spam,Ard 530 lor. I ok then message √º lor.
spam,Prepare to be pounded every night...
spam,Wen did you get so spiritual and deep. That's great
spam,Lol please do. Actually send a pic of yourself right now. I wanna see. Pose with a comb and hair dryer or something.
spam,Yo sorry was in the shower sup
spam,"Open rebtel with firefox. When it loads just put plus sign in the user name place, and it will show you two numbers. The lower number is my number. Once you pick that number the pin will display okay!"
spam,Was playng 9 doors game and gt racing on phone lol
spam,Been up to ne thing interesting. Did you have a good birthday? When are u wrking nxt? I started uni today.
spam,Teach me apps da. When you come to college.
spam,RECPT 1/3. You have ordered a Ringtone. Your order is being processed...
spam,Hey sexy buns! What of that day? No word from you this morning on YM ... :-( ... I think of you
spam,Please tell me you have some of that special stock you were talking about
spam,University of southern california.
spam,Guessin you ain't gonna be here before 9?
spam,Was the actual exam harder than NBME
spam,Ok... Help me ask if she's working tmr a not?
spam,O was not into fps then.
spam,yes baby! I need to stretch open your pussy!
spam,"Get 3 Lions England tone, reply lionm 4 mono or lionp 4 poly. 4 more go 2 www.ringtones.co.uk, the original n best. Tones 3GBP network operator rates apply."
spam,"I wonder how you got online, my love ? Had you gone to the net cafe ? Did you get your phone recharged ? Were you on a friends net ? I think of you, boytoy"
spam,Yun buying... But school got offer 2000 plus only...
spam,Only 2% students solved this CAT question in 'xam... 5+3+2= &lt;#&gt;  9+2+4= &lt;#&gt;  8+6+3= &lt;#&gt;  then 7+2+5=????? Tell me the answer if u r brilliant...1thing.i got d answr.
spam,This pay is  &lt;DECIMAL&gt;  lakhs:)
spam,"Goodmorning,my grandfather expired..so am on leave today."
spam,Will it help if we propose going back again tomorrow
spam,"wiskey Brandy Rum Gin Beer Vodka Scotch Shampain Wine ""KUDI""yarasu dhina vaazhthukkal. .."
spam,Please reserve ticket on saturday eve from chennai to thirunelvali and again from tirunelvali to chennai on sunday eve...i already see in net..no ticket available..i want to book ticket through tackle ..
spam,"No, but you told me you were going, before you got drunk!"
spam,"I‚Äòve got some salt, you can rub it in my open wounds if you like!"
spam,"Not sure yet, still trying to get a hold of him"
spam,"Win the newest ‚ÄúHarry Potter and the Order of the Phoenix (Book 5) reply HARRY, answer 5 questions - chance to be the first among readers!"
spam,You have an important customer service announcement from PREMIER.
spam,I can take you at like noon
spam,Networking job is there.
spam,E admin building there? I might b slightly earlier... I'll call u when i'm reaching...
spam,hanks lotsly!
spam,Really... I tot ur paper ended long ago... But wat u copied jus now got use? U happy lar... I still haf 2 study :-(
spam,Eek that's a lot of time especially since American Pie is like 8 minutes long. I can't stop singing it.
spam,"YOU VE WON! Your 4* Costa Del Sol Holiday or ¬£5000 await collection. Call 09050090044 Now toClaim. SAE, TC s, POBox334, Stockport, SK38xh, Cost¬£1.50/pm, Max10mins"
spam,Let me know how it changes in the next 6hrs. It can even be appendix but you are out of that age range. However its not impossible. So just chill and let me know in 6hrs
spam,At home by the way
spam,You can donate ¬£2.50 to UNICEF's Asian Tsunami disaster support fund by texting DONATE to 864233. ¬£2.50 will be added to your next bill
spam,That's necessarily respectful
spam,Dear are you angry i was busy dear
spam,"Hello! Just got here, st andrews-boy its a long way! Its cold. I will keep you posted"
spam,Lol ok. I'll snatch her purse too.
spam,Sindu got job in birla soft ..
spam,"If you want to mapquest it or something look up ""usf dogwood drive"", that's the tiny street where the parking lot is"
spam,Need a coffee run tomo?Can't believe it's that time of week already
spam,"Keep ur problems in ur heart, b'coz nobody will fight for u. Only u &amp; u have to fight for ur self &amp; win the battle. -VIVEKANAND- G 9t.. SD..
ham	How come she can get it? Should b quite diff to guess rite...
ham	Haha I heard that, text me when you're around
ham	Hi this is yijue, can i meet u at 11 tmr?
ham	I accidentally brought em home in the box
ham	You have got tallent but you are wasting.
ham	I'm in solihull, | do you want anything?
ham	My trip was ok but quite tiring lor. Uni starts today but it's ok 4 me cos i'm not taking any modules but jus concentrating on my final yr project.
ham	Wen ur lovable bcums angry wid u, dnt take it seriously.. Coz being angry is d most childish n true way of showing deep affection, care n luv!.. kettoda manda... Have nice day da.
ham	Rose needs water, season needs change, poet needs imagination..My phone needs ur sms and i need ur lovely frndship forever....
ham	Are you angry with me. What happen dear
ham	Haha mayb u're rite... U know me well. Da feeling of being liked by someone is gd lor. U faster go find one then all gals in our group attached liao.
ham	Actually fuck that, just do whatever, do find an excuse to be in tampa at some point before january though
ham	The message sent is askin for  &lt;#&gt; dollars. Shoul i pay  &lt;#&gt;  or  &lt;#&gt; ?
ham	Yo you guys ever figure out how much we need for alcohol? Jay and I are trying to figure out how much we can safely spend on weed
ham	All done, all handed in. Don't know if mega shop in asda counts as celebration but thats what i'm doing!
ham	Those ducking chinchillas
ham	Ok that's great thanx a lot.
ham	Nationwide auto centre (or something like that) on Newport road. I liked them there
ham	Dont worry, 1 day very big lambu ji vl come..til then enjoy batchlor party:-)
ham	7 wonders in My WORLD 7th You 6th Ur style 5th Ur smile 4th Ur Personality 3rd Ur Nature 2nd Ur SMS and 1st Ur Lovely Friendship""... good morning dear"
spam,They said √º dun haf passport or smth like dat.. Or √º juz send to my email account..  
spam,Jus finish watching tv... U?
spam,Smile in Pleasure Smile in Pain Smile when trouble pours like Rain Smile when sum1 Hurts U Smile becoz SOMEONE still Loves to see u Smiling!!
spam,"Sorry my roommates took forever, it ok if I come by now?"
spam,K:)k:)good:)study well.
spam,"Its good, we'll find a way"
spam,I dun believe u. I thk u told him.
spam,What you need. You have a person to give na.
spam,Would me smoking you out help us work through this difficult time
spam,Thanks for sending this mental ability question..
spam,"Fuck babe ... I miss you already, you know ? Can't you let me send you some money towards your net ? I need you ... I want you ... I crave you ..."
spam,They will pick up and drop in car.so no problem..
spam,&lt;#&gt; ISH MINUTES WAS 5 MINUTES AGO. WTF.
spam,Happy birthday... May all ur dreams come true...
spam,Mm so you asked me not to call radio
spam,U can call me now...
spam,PRIVATE! Your 2003 Account Statement for 078
spam,No need to buy lunch for me.. I eat maggi mee..
spam,Only if you promise your getting out as SOON as you can. And you'll text me in the morning to let me know you made it in ok.
spam,"Thanks, I'll keep that in mind"
spam,You still at the game?
spam,"Congratulations - Thanks to a good friend U have WON the ¬£2,000 Xmas prize. 2 claim is easy, just call 08712103738 NOW! Only 10p per minute. BT-national-rate"
spam,Convey my regards to him
spam,"Looks like you found something to do other than smoke, great job!"
spam,I told that am coming on wednesday.
spam,Update your face book status frequently :)
spam,"Haha get used to driving to usf man, I know a lot of stoners"
spam,U 2.
spam,"That's fine, have him give me a call if he knows what he wants or has any questions"
spam,Hey we can go jazz power yoga hip hop kb and yogasana 
spam,I always chat with you. In fact i need money can you raise me?
spam,I bought the test yesterday. Its something that lets you know the exact day u ovulate.when will get 2u in about 2 to 3wks. But pls pls dont fret. I know u r worried. Pls relax. Also is there anything in ur past history u need to tell me?
spam,Pls dont restrict her from eating anythin she likes for the next two days.
spam,"Friendship is not a game to play, It is not a word to say, It doesn\'t start on March and ends on May, It is tomorrow, yesterday, today and e"
spam,"Okay, good, no problem, and thanx!"
spam,Promotion Number: 8714714 - UR awarded a City Break and could WIN a ¬£200 Summer Shopping spree every WK. Txt STORE to 88039 . SkilGme. TsCs087147403231Winawk!Age16 ¬£1.50perWKsub
spam,I cant pick the phone right now. Pls send a message
spam,"Hmm, too many of them unfortunately... Pics obviously arent hot cakes. Its kinda fun tho"
spam,Do u konw waht is rael FRIENDSHIP Im gving yuo an exmpel: Jsut ese tihs msg.. Evrey splleing of tihs msg is wrnog.. Bt sitll yuo can raed it wihtuot ayn mitsake.. GOODNIGHT &amp; HAVE A NICE SLEEP..SWEET DREAMS..
spam,K. I will sent it again
spam,I didnt get anything da
spam,Congrats ! Treat pending.i am not on mail for 2 days.will mail once thru.Respect mother at home.check mails.
spam,I wnt to buy a BMW car urgently..its vry urgent.but hv a shortage of  &lt;#&gt; Lacs.there is no source to arng dis amt. &lt;#&gt; lacs..thats my prob
spam,Staff of placement training in Amrita college.
spam,"Wan2 win a Meet+Greet with Westlife 4 U or a m8? They are currently on what tour? 1)Unbreakable, 2)Untamed, 3)Unkempt. Text 1,2 or 3 to 83049. Cost 50p +std text"
spam,"The last thing i ever wanted to do was hurt you. And i didn't think it would have. You'd laugh, be embarassed, delete the tag and keep going. But as far as i knew, it wasn't even up. The fact that you even felt like i would do it to hurt you shows you really don't know me at all. It was messy wednesday, but it wasn't bad. The problem i have with it is you HAVE the time to clean it, but you choose not to. You skype, you take pictures, you sleep, you want to go out. I don't mind a few things here and there, but when you don't make the bed, when you throw laundry on top of it, when i can't have a friend in the house because i'm embarassed that there's underwear and bras strewn on the bed, pillows on the floor, that's something else. You used to be good about at least making the bed."
spam,Guai... √ú shd haf seen him when he's naughty... √ú so free today? Can go jogging...
spam,I'm not. She lip synced with shangela.
spam,I am great princess! What are you thinking about me? :)
spam,Urgent! Please call 09061213237 from a landline. ¬£5000 cash or a 4* holiday await collection. T &Cs SAE PO Box 177 M227XY. 16+
spam,You have 1 new message. Please call 08715205273
spam,Oh is it? Send me the address
spam,√ú come lt 25 n pass to me lar
spam,What time do u get out?
spam,we tried to contact you re your response to our offer of a new nokia fone and camcorder hit reply or call 08000930705 for delivery
spam,I wonder if you'll get this text?
spam,I had askd u a question some hours before. Its answer
spam,"Bloody hell, cant believe you forgot my surname Mr . Ill give u a clue, its spanish and begins with m... "
spam,I'm doing da intro covers energy trends n pros n cons... Brief description of nuclear fusion n oso brief history of iter n jet got abt 7 n half pages..
spam,Mmmm ... Fuck ... Not fair ! You know my weaknesses ! *grins* *pushes you to your knee's* *exposes my belly and pulls your head to it* Don't forget ... I know yours too *wicked smile*
spam,Otherwise had part time job na-tuition..
spam,I wish things were different. I wonder when i will be able to show you how much i value you. Pls continue the brisk walks no drugs without askin me please and find things to laugh about. I love you dearly.
spam,I called but no one pick up e phone. I ask both of them already they said ok.
spam,Give one miss from that number please
spam,hows my favourite person today? r u workin hard? couldn't sleep again last nite nearly rang u at 4.30
spam,"Wn u r hurt by d prsn who s close 2 u, do fight wit dem. Coz somtimes dis fight saves a relation bt being quiet leaves nothin in a relation.. Gud eveB-)"
spam,* You gonna ring this weekend or wot?
spam,Tell them the drug dealer's getting impatient
spam,My phone
spam,Oh k k:)but he is not a big hitter.anyway good
spam,"Height of ""Oh shit....!!"" situation: A guy throws a luv letter on a gal but falls on her brothers head whos a gay,.;-):-D"
spam,FREE entry into our ¬£250 weekly comp just send the word ENTER to 84128 NOW. 18 T&C www.textcomp.com cust care 08712405020.
spam,"Kind of. Just missed train cos of asthma attack, nxt one in half hr so driving in. not sure where to park."
spam,That means from february to april i'll be getting a place to stay down there so i don't have to hustle back and forth during audition season as i have since my sister moved away from harlem.
spam,Babe: U want me dont u baby! Im nasty and have a thing 4 filthyguys. Fancy a rude time with a sexy bitch. How about we go slo n hard! Txt XXX SLO(4msgs)
spam,Am on a train back from northampton so i'm afraid not! I'm staying skyving off today ho ho! Will be around wednesday though. Do you fancy the comedy club this week by the way?
spam,Good night my dear.. Sleepwell&amp;Take care
spam,Take some small dose tablet for fever
spam,"Aight, lemme know what's up"
spam,Do you know when dad will be back?
spam,Stop calling everyone saying I might have cancer. My throat hurts to talk. I can't be answering everyones calls. If I get one more call I'm not babysitting on Monday
spam,I HAVE A DATE ON SUNDAY WITH WILL!!
spam,Bring home some Wendy =D
spam,K..k:)how much does it cost?
spam,Your dad is back in ph?
spam,Shopping lor. Them raining mah hard 2 leave orchard.
spam,No. Thank you. You've been wonderful
spam,Oh ok.. Wat's ur email?
spam,I've reached already.
spam,I'm going 2 orchard now laready me reaching soon. U reaching?
spam,I'm also came to room.
spam,No just send to you. Bec you in temple na.
spam,"Hiya , have u been paying money into my account? If so, thanks. Got a pleasant surprise when i checked my balance -u c, i don't get statements 4 that acc"
spam,make that 3! 4 fucks sake?! x
spam,"This weeks SavaMob member offers are now accessible. Just call 08709501522 for details! SavaMob, POBOX 139, LA3 2WU. Only ¬£1.50/week. SavaMob - offers mobile!"
spam,That's ok. I popped in to ask bout something and she said you'd been in. Are you around tonght wen this girl comes?
spam,Ok thanx...
spam,Ok lor but not too early. Me still having project meeting now.
spam,Are you happy baby ? Are you alright ? Did you take that job ? I hope your fine. I send you a kiss to make you smile from across the sea ... *kiss* *kiss*
spam,I'm done oredi...
spam,I told your number to gautham..
spam,Prof: you have passed in all the papers in this sem congrats . . . . Student: Enna kalaachutaarama..!! Prof:???? Gud mrng!
spam,Good morning pookie pie! Lol hope I didn't wake u up
spam,Can come my room but cannot come my house cos my house still messy... Haha...
spam,I meant middle left or right?
spam,Your bill at 3 is ¬£33.65 so thats not bad!
spam,The greatest test of courage on earth is to bear defeat without losing heart....gn tc
spam,Boo I'm on my way to my moms. She's making tortilla soup. Yummmm
spam,Is xy in ur car when u picking me up?
spam,"Ugh y can't u just apologize, admit u were wrong and ask me to take u back?"
spam,That is wondarfull song
spam,"Machan you go to gym tomorrow,  i wil come late goodnight."
spam,Ok i wont call or disturb any one. I know all are avoiding me. I am a burden for all
spam,Take something for pain. If it moves however to any side in the next 6hrs see a doctor.
spam,Thats cool. i liked your photos. You are very sexy!
spam,Company is very good.environment is terrific and food is really nice:)
spam,Good afternoon my boytoy. How goes that walking here and there day ? Did you get that police abstract? Are you still out and about? I wake and miss you babe
spam,K...k...when will you give treat?
spam,Rats. Hey did u ever vote for the next themes?
spam,K. I will sent it again
spam,No go. No openings for that room 'til after thanksgiving without an upcharge.
spam,Auntie huai juan never pick up her phone
spam,"Aight text me when you're back at mu and I'll swing by, need somebody to get the door for me"
spam,Yo guess what I just dropped
spam,Only once then after ill obey all yours.
spam,Captain vijaykanth is doing comedy in captain tv..he is drunken :)
spam,I'm coming home 4 dinner.
spam,Yup having my lunch buffet now.. U eat already?
spam,Hello which the site to download songs its urgent pls
spam,Dude got a haircut. Now its breezy up there
spam,"Urgent Urgent! We have 800 FREE flights to Europe to give away, call B4 10th Sept & take a friend 4 FREE. Call now to claim on 09050000555. BA128NNFWFLY150ppm"
spam,Great comedy..cant stop laughing da:)
spam,Lol no. I just need to cash in my nitros. Hurry come on before I crash out!
spam,"Hey there! Glad u r better now. I hear u treated urself to a digi cam, is it good? We r off at 9pm. Have a fab new year, c u in coupla wks!"
spam,Yar lor... Keep raining non stop... Or u wan 2 go elsewhere?
spam,Hey no I ad a crap nite was borin without ya 2 boggy with me u boring biatch! Thanx but u wait til nxt time il ave ya 
spam,"Im sorry bout last nite it wasn¬ít ur fault it was me, spouse it was pmt or sumthin! U 4give me? I think u shldxxxx"
spam,"Alright, I'll head out in a few minutes, text me where to meet you"
spam,Yes :)it completely in out of form:)clark also utter waste.
spam,And maybe some pressies
spam,Captain is in our room:)
spam,"Call 09094100151 to use ur mins! Calls cast 10p/min (mob vary). Service provided by AOM, just GBP5/month. AOM Box61,M60 1ER until u stop. Ages 18+ only!"
spam,Ok... Take ur time n enjoy ur dinner...
spam,How much u trying to get?
spam,Is ur paper today in e morn or aft?
spam,Get a brand new mobile phone by being an agent of The Mob! Plus loads more goodies! For more info just text MAT to 87021.
spam,Yes watching footie but worried we're going to blow it - Phil Neville?
spam,Go chase after her and run her over while she's crossing the street
spam,I donno if they are scorable
spam,"Hi, my love! How goes that day? Fuck, this morning I woke and dropped my cell on the way down the stairs but it seems alright ... *phews* I miss you !"
spam,"Its Ur luck to Love someone. Its Ur fortune to Love the one who Loves U. But, its a miracle to Love a person who can't Love anyone except U... Gud nyt..."
spam,Let me know how to contact you. I've you settled in a room. Lets know you are ok.
spam,Great escape. I fancy the bridge but needs her lager. See you tomo 
spam,I dunno lei... Like dun haf...
spam,K..i deleted my contact that why?
spam,K I'll call you when I'm close
spam,"Your free ringtone is waiting to be collected. Simply text the password ""MIX"" to 85069 to verify. Get Usher and Britney. FML, PO Box 5249, MK17 92H. 450Ppw 16"
spam,Wat time do u wan 2 meet me later?
spam,Then ur physics get a-?
spam,Hope this text meets you smiling. If not then let this text give you a reason to smile. Have a beautiful day.
spam,"K, can that happen tonight?"
spam,Hi my email address has changed now it is 
spam,"Ok thats cool. Its , just off either raglan rd or edward rd. Behind the cricket ground. Gimme ring when ur closeby see you tuesday."
spam,"Mmmmmm ... I love you,so much, Ahmad ... I can't wait for this year to begin as every second takes me closer to being at your side. Happy New Year, my love!!"
spam,"SIX chances to win CASH! From 100 to 20,000 pounds txt> CSH11 and send to 87575. Cost 150p/day, 6days, 16+ TsandCs apply Reply HL 4 info"
spam,"Gal n boy walking in d park. gal-can i hold ur hand? boy-y? do u think i would run away? gal-no, jst wana c how it feels walking in heaven with an prince..GN:-)"
spam,100 dating service cal;l 09064012103 box334sk38ch
spam,Apo all other are mokka players only
spam,"[‚Ä¶] anyway, many good evenings to u! s"
spam,Your next amazing xxx PICSFREE1 video will be sent to you enjoy! If one vid is not enough for 2day text back the keyword PICSFREE1 to get the next video.
spam,Thats cool! I am a gentleman and will treat you with dignity and respect.
spam,Dude how do you like the buff wind.
spam,"Jane babes not goin 2 wrk, feel ill after lst nite. Foned in already cover 4 me chuck.:-)"
spam,"The table's occupied, I'm waiting by the tree"
spam,Monthly password for wap. mobsi.com is 391784. Use your wap phone not PC.
spam,We'll you pay over like  &lt;#&gt; yrs so its not too difficult
spam,"Al he does is moan at me if n e thin goes wrong its my fault&al de arguments r my fault&fed up of him of himso y bother? Hav 2go, thanx.xx"
spam,Dear reached railway. What happen to you
spam,Ummmmmaah Many many happy returns of d day my dear sweet heart.. HAPPY BIRTHDAY dear
spam,"K give me a sec, breaking a  &lt;#&gt;  at cstore"
spam,"Multiply the numbers independently and count decimal points then, for the division, push the decimal places like i showed you."
spam,No. I meant the calculation is the same. That  &lt;#&gt; units at  &lt;#&gt; . This school is really expensive. Have you started practicing your accent. Because its important. And have you decided if you are doing 4years of dental school or if you'll just do the nmde exam.
spam,"Wishing you and your family Merry ""X"" mas and HAPPY NEW Year in advance.."
spam,I'm vivek:)i got call from your number.
spam,Went to pay rent. So i had to go to the bank to authorise the payment.
spam,Then we gotta do it after that
spam,Wife.how she knew the time of murder exactly
spam,"HI HUN! IM NOT COMIN 2NITE-TELL EVERY1 IM SORRY 4 ME, HOPE U AVA GOODTIME!OLI RANG MELNITE IFINK IT MITE B SORTED,BUT IL EXPLAIN EVERYTHIN ON MON.L8RS.x"
spam,Do u ever get a song stuck in your head for no reason and it won't go away til u listen to it like 5 times?
spam,U have a secret admirer who is looking 2 make contact with U-find out who they R*reveal who thinks UR so special-call on 09058094599
spam,Yup... How √º noe leh...
spam,Senthil group company Apnt 5pm.
spam,"Yes, i'm small kid.. And boost is the secret of my energy.."
spam,Shall i come to get pickle
spam,Howz that persons story
spam,what I meant to say is cant wait to see u again getting bored of this bridgwater banter
spam,India have to take lead:)
spam,"Whats that coming over the hill..... Is it a monster! Hope you have a great day. Things r going fine here, busy though! "
spam,Desires- u going to doctor 4 liver. And get a bit stylish. Get ur hair managed. Thats it.
spam,K:)k.are you in college?
spam,Ok. I.ll do you right later.
spam,But i juz remembered i gotta bathe my dog today..
spam,I dled 3d its very imp
spam,Daddy will take good care of you :)
spam,"Miss ya, need ya, want ya, love ya."
spam,Ladies first and genus second k .
spam,S but mostly not like that.
spam,Am new 2 club & dont fink we met yet Will B gr8 2 C U Please leave msg 2day wiv ur area 09099726553 reply promised CARLIE x Calls¬£1/minMobsmore LKPOBOX177HP51FL
spam,HMM yeah if your not too grooved out! And im looking forward to my pound special :)
spam,Huh? 6 also cannot? Then only how many mistakes?
spam,"Mmmmm ... It was sooooo good to wake to your words this morning, my Love!! Mmmm fuck ... I love you too, my Lion ... *devouring kiss from across the sea*"
spam,Ok. She'll be ok. I guess
spam,Great. Hope you are using your connections from mode men also cos you can never know why old friends can lead you to today
spam,Ok
spam,Oh k...i'm watching here:)
spam,Eat at old airport road... But now 630 oredi... Got a lot of pple...
spam,It certainly puts things into perspective when something like this happens
spam,Pls clarify back if an open return ticket that i have can be preponed for me to go back to kerala.
spam,Or u ask they all if next sat can a not. If all of them can make it then i'm ok lor.
spam,sports fans - get the latest sports news str* 2 ur mobile 1 wk FREE PLUS a FREE TONE Txt SPORT ON to 8007 www.getzed.co.uk 0870141701216+ norm 4txt/120p 
spam,Ok enjoy . R u there in home.
spam,Howz that persons story
spam,&lt;#&gt;  w jetton ave if you forgot
spam,Hey... are you going to quit soon? Xuhui and i working till end of the month 
spam,I to am looking forward to all the sex cuddling.. Only two more sleeps 
spam,Nice.nice.how is it working?
spam,"Ever green quote ever told by Jerry in cartoon ""A Person Who Irritates u Always Is the one Who Loves u Vry Much But Fails to Express It...!..!! :-) :-) gud nyt"
spam,He says he'll give me a call when his friend's got the money but that he's definitely buying before the end of the week
spam,Carry on not disturbing both of you
spam,FREE for 1st week! No1 Nokia tone 4 ur mob every week just txt NOKIA to 8007 Get txting and tell ur mates www.getzed.co.uk POBox 36504 W45WQ norm150p/tone 16+
spam,Ok..
spam,"Beautiful Truth against Gravity.. Read carefully: ""Our heart feels light when someone is in it.. But it feels very heavy when someone leaves it.."" GOOD NIGHT"
spam,What is this 'hex' place you talk of? Explain!
spam,Why i come in between you people
spam,at bruce b downs &amp; fletcher now
spam,"Mila, age23, blonde, new in UK. I look sex with UK guys. if u like fun with me. Text MTALK to 69866.18 . 30pp/txt 1st 5free. ¬£1.50 increments. Help08718728876"
spam,K...k...yesterday i was in cbe .
spam,"Ill call u 2mrw at ninish, with my address that icky American freek wont stop callin me 2 bad Jen k eh?"
spam,K I'll take care of it
spam,Oh baby of the house. How come you dont have any new pictures on facebook
spam,i am seeking a lady in the street and a freak in the sheets. Is that you?
spam,No pic. Please re-send.
spam,"It could work, we'll reach a consensus at the next meeting"
spam,Hey I am really horny want to chat or see me naked text hot to 69698 text charged at 150pm to unsubscribe text stop 69698
spam,Yes princess! I want to catch you with my big strong hands...
spam,Yes i think so. I am in office but my lap is in room i think thats on for the last few days. I didnt shut that down
spam,You have won a Nokia 7250i. This is what you get when you win our FREE auction. To take part send Nokia to 86021 now. HG/Suite342/2Lands Row/W1JHL 16+
spam,"Hi, the SEXYCHAT girls are waiting for you to text them. Text now for a great night chatting. send STOP to stop this service"
spam,ZOE IT JUST HIT ME 2 IM FUCKING SHITIN MYSELF IL DEFO TRY MY HARDEST 2 CUM 2MOROW LUV U MILLIONS LEKDOG
spam,"When you get free, call me"
spam,"January Male Sale! Hot Gay chat now cheaper, call 08709222922. National rate from 1.5p/min cheap to 7.8p/min peak! To stop texts call 08712460324 (10p/min)"
spam,C movie is juz last minute decision mah. Juz watch 2 lar but i tot √º not interested.
spam,dont make ne plans for nxt wknd coz she wants us to come down then ok
spam,Kaiez... Enjoy ur tuition... Gee... Thk e second option sounds beta... I'll go yan jiu den msg u...
spam,Want to send me a virtual hug?... I need one
spam,√ú ready then call me...
spam,G.W.R
spam,I dont know exactly could you ask chechi.
spam,"Thats a bit weird, even ?- where is the do supposed to be happening? But good idea, sure they will be in pub!"
spam,"Nah man, my car is meant to be crammed full of people"
spam,Bought one ringtone and now getting texts costing 3 pound offering more tones etc
spam,"Do you realize that in about 40 years, we'll have thousands of old ladies running around with tattoos?"
spam,LOL what happens in Vegas stays in vegas
spam,Your gonna have to pick up a $1 burger for yourself on your way home. I can't even move. Pain is killing me.
spam,Big brother‚Äòs really scraped the barrel with this shower of social misfits
spam,URGENT! We are trying to contact U. Todays draw shows that you have won a ¬£800 prize GUARANTEED. Call 09050001808 from land line. Claim M95. Valid12hrs only
spam,U don't know how stubborn I am. I didn't even want to go to the hospital. I kept telling Mark I'm not a weak sucker. Hospitals are for weak suckers.
spam,We still on for tonight?
spam,"Sorry, went to bed early, nightnight"
spam,Hey cutie. How goes it? Here in WALES its kinda ok. There is like hills and shit but i still avent killed myself. 
spam,In life when you face choices Just toss a coin not becoz its settle the question But while the coin in the air U will know what your heart is hoping for. Gudni8
spam,Nothing will ever be easy. But don't be looking for a reason not to take a risk on life and love
spam,I'm really sorry I lit your hair on fire
spam,Good Morning plz call me sir
spam,No rushing. I'm not working. I'm in school so if we rush we go hungry.
spam,Lol where do u come up with these ideas?
spam,Oh for fuck's sake she's in like tallahassee
spam,"Come to me right now, Ahmad"
spam,If you ask her or she say any please message.
spam,"This is one of the days you have a billion classes, right?"
spam,Hi..i got the money da:)
spam,Actually getting ready to leave the house.
spam,I liked the new mobile
spam,My uncles in Atlanta. Wish you guys a great semester.
spam,Don know:)this week i'm going to tirunelvai da.
spam,You want to go? 
spam,"I'll text carlos and let you know, hang on"
spam,You have won a Nokia 7250i. This is what you get when you win our FREE auction. To take part send Nokia to 86021 now. HG/Suite342/2Lands Row/W1JHL 16+ 
spam,Aww that's the first time u said u missed me without asking if I missed u first. You DO love me! :)
spam,Check with nuerologist.
spam,Hurt me... Tease me... Make me cry... But in the end of my life when i die plz keep one rose on my grave and say STUPID I MISS U.. HAVE A NICE DAY BSLVYL
spam,The Xmas story is peace.. The Xmas msg is love.. The Xmas miracle is jesus.. Hav a blessed month ahead &amp; wish U Merry Xmas...
spam,I got a call from a landline number. . . I am asked to come to anna nagar . . . I will go in the afternoon
spam,So dont use hook up any how
spam,"Party's at my place at usf, no charge (but if you can contribute in any way it is greatly appreciated) and yeah, we got room for one more"
spam,U should have made an appointment
spam,Ard 530 like dat lor. We juz meet in mrt station then √º dun haf to come out.
spam,"Don't worry, * is easy once have ingredients!"
spam,Ugh its been a long day. I'm exhausted. Just want to cuddle up and take a nap
spam,Why didn't u call on your lunch?
spam,But i dint slept in afternoon.
spam,"A famous quote : when you develop the ability to listen to 'anything' unconditionally without losing your temper or self confidence, it means you are ......... 'MARRIED'"
spam,PISS IS TALKING IS SOMEONE THAT REALISE U THAT POINT THIS AT IS IT.(NOW READ IT BACKWARDS)
spam,HOW ARE U? I HAVE MISSED U! I HAVENT BEEN UP 2 MUCH A BIT BORED WITH THE HOLIDAY WANT 2 GO BAK 2 COLLEGE! SAD ISNT IT?xx
spam,"(I should add that I don't really care and if you can't I can at least get this dude to fuck off but hey, your money if you want it)"
spam,Sounds great! Are you home now?
spam,"Yeah, we got one lined up for us"
spam,"Aight no rush, I'll ask jay"
spam,-PLS STOP bootydelious (32/F) is inviting you to be her friend. Reply YES-434 or NO-434 See her: www.SMS.ac/u/bootydelious STOP? Send STOP FRND to 62468
spam,Ok both our days. So what are you making for dinner tonite? Am I invited?
spam,Ok lor... Sony ericsson salesman... I ask shuhui then she say quite gd 2 use so i considering...
spam,Ard 4 lor...
spam,"Urgent! Please call 09066612661 from your landline, your complimentary 4* Lux Costa Del Sol holiday or ¬£1000 CASH await collection. ppm 150 SAE T&Cs James 28, EH74RR"
spam,Kinda. First one gets in at twelve! Aah. Speak tomo
spam,Do u noe how 2 send files between 2 computers?
spam,I love your ass! Do you enjoy doggy style? :)
spam,Ok leave no need to ask
spam,Dun need to use dial up juz open da browser n surf...
spam,What's ur pin?
spam,Bring it if you got it
spam,Happy New year my dear brother. I really do miss you. Just got your number and decided to send you this text wishing you only happiness. Abiola
spam,U still going to the mall?
spam,<Forwarded from 448712404000>Please CALL 08712404000 immediately as there is an urgent message waiting for you.
spam,What he said is not the matter. My mind saying some other matter is there.
spam,"Dont give a monkeys wot they think and i certainly don't mind. Any friend of mine&all that! Just don't sleep wiv , that wud be annoyin!"
spam,Thanx a lot 4 ur help!
spam,"Good afternoon sunshine! How dawns that day ? Are we refreshed and happy to be alive? Do we breathe in the air and smile ? I think of you, my love ... As always"
spam,R u here yet? I'm wearing blue shirt n black pants.
spam,"Ok. Not much to do here though. H&M Friday, cant wait. Dunno wot the hell im gonna do for another 3 weeks! Become a slob- oh wait, already done that! "
spam,Howz that persons story
spam,"Erm ‚Ä¶ ill pick you up at about 6.45pm. That'll give enough time to get there, park and that."
spam,Where do you need to go to get it?
spam,Send a logo 2 ur lover - 2 names joined by a heart. Txt LOVE NAME1 NAME2 MOBNO eg LOVE ADAM EVE 07123456789 to 87077 Yahoo! POBox36504W45WQ TxtNO 4 no ads 150p.
spam,Thought praps you meant another one. Goodo! I'll look tomorrow 
spam,"Thanx. Yup we coming back on sun. Finish dinner going back 2 hotel now. Time flies, we're tog 4 exactly a mth today. Hope we'll haf many more mths to come..."
spam,"Hi the way I was with u 2day, is the normal way&this is the real me. UR unique&I hope I know u 4 the rest of mylife. Hope u find wot was lost."
spam,Hope you are having a great new semester. Do wish you the very best. You are made for greatness.
spam,Refused a loan? Secured or Unsecured? Can't get credit? Call free now 0800 195 6669 or text back 'help' & we will!
spam,"Hey Boys. Want hot XXX pics sent direct 2 ur phone? Txt PORN to 69855, 24Hrs free and then just 50p per day. To stop text STOPBCM SF WC1N3XX"
spam,My tuition is at 330. Hm we go for the 1120 to 1205 one? Do you mind?
spam,Ya but it cant display internal subs so i gotta extract them
spam,"Yeah I think my usual guy's still passed out from last night, if you get ahold of anybody let me know and I'll throw down"
spam,"Hey elaine, is today's meeting still on?"
spam,"you are sweet as well, princess. Please tell me your likes and dislikes in bed..."
spam,Want explicit SEX in 30 secs? Ring 02073162414 now! Costs 20p/min Gsex POBOX 2667 WC1N 3XX
spam,Are you still playing with gautham?
spam,Have you always been saying welp?
spam,Hello! Good week? Fancy a drink or something later?
spam,Oh shut it. Omg yesterday I had a dream that I had 2 kids both boys. I was so pissed. Not only about the kids but them being boys. I even told mark in my dream that he was changing diapers cause I'm not getting owed in the face.
spam,Get down in gandhipuram and walk to cross cut road. Right side &lt;#&gt; street road and turn at first right.
spam,A guy who gets used but is too dumb to realize it.
spam,Okay. I've seen it. So i should pick it on friday?
spam,The world's most happiest frnds never have the same characters... Dey just have the best understanding of their differences...
spam,"It's ok, at least armand's still around"
spam,Hey come online! Use msn... We are all there
spam,Noice. Text me when you're here
spam,√ú predict wat time √º'll finish buying?
spam,Which is why i never wanted to tell you any of this. Which is why i'm so short with you and on-edge as of late.
spam,A pure hearted person can have a wonderful smile that makes even his/her enemies to feel guilty for being an enemy.. So catch the world with your smile..:) GOODMORNING &amp; HAVE A SMILEY SUNDAY..:)
spam,Watching tv now. I got new job :)
spam,"Hello, my love! How goes that day ? I wish your well and fine babe and hope that you find some job prospects. I miss you, boytoy ... *a teasing kiss*"
spam,Ok. But i finish at 6.
spam,May i call You later Pls
spam,Do you like Italian food?
spam,Its worse if if uses half way then stops. Its better for him to complete it.
spam,Todays Voda numbers ending 1225 are selected to receive a ¬£50award. If you have a match please call 08712300220 quoting claim code 3100 standard rates app 
spam,"I'll see, but prolly yeah"
spam,Having lunch:)you are not in online?why?
spam,Orh i tot u say she now still dun believe.
spam,Slept? I thinkThis time ( &lt;#&gt;  pm) is not dangerous
spam,Y bishan lei... I tot √º say lavender? 
spam,ALRITE HUNNY!WOT U UP 2 2NITE? DIDNT END UP GOIN DOWN TOWN JUS DA PUB INSTEAD! JUS CHILLIN AT DA MO IN ME BEDROOM!LOVE JEN XXX.
spam,Good morning princess! How are you?
spam,Oh really?? Did you make it on air? What's your talent?
spam,YOU ARE CHOSEN TO RECEIVE A ¬£350 AWARD! Pls call claim number 09066364311 to collect your award which you are selected to receive as a valued mobile customer.
spam,Anything lar then √º not going home 4 dinner?
spam,"Sorry, I'll call later"
spam,Chk in ur belovd ms dict
spam,So when do you wanna gym?
spam,Hey. For me there is no leave on friday. Wait i will ask my superior and tell you..
spam,Ya even those cookies have jelly on them
spam,Cos i was out shopping wif darren jus now n i called him 2 ask wat present he wan lor. Then he started guessing who i was wif n he finally guessed darren lor.
spam,Lol they don't know about my awesome phone. I could click delete right now if I want.
spam,Dunno i juz askin cos i got a card got 20% off 4 a salon called hair sense so i tot it's da one √º cut ur hair. 
spam,Ok pa. Nothing problem:-)
spam,Hi! You just spoke to MANEESHA V. We'd like to know if you were satisfied with the experience. Reply Toll Free with Yes or No.
spam,Great to hear you are settling well. So what's happenin wit ola?
spam,Lol boo I was hoping for a laugh
spam,I'll reach in ard 20 mins ok...
spam,Win a ¬£1000 cash prize or a prize worth ¬£5000
spam,You are a very very very very bad girl. Or lady.
spam,Okie.. Thanx..
spam,"500 New Mobiles from 2004, MUST GO! Txt: NOKIA to No: 89545 & collect yours today!From ONLY ¬£1 www.4-tc.biz 2optout 087187262701.50gbp/mtmsg18 TXTAUCTION"
spam,Sometimes Heart Remembrs someone Very much... Forgets someone soon... Bcoz Heart will not like everyone. But liked ones will be Remembered Everytime... BSLVYL
spam,";-( oh well, c u later"
spam,Also remember the beads don't come off. Ever.
spam,All boys made fun of me today. Ok i have no problem. I just sent one message just for fun
spam,Get me out of this dump heap. My mom decided to come to lowes. BORING.
spam,Our Prashanthettan's mother passed away last night. pray for her and family.
spam,If I die I want u to have all my stuffs.
spam,"My planning usually stops at ""find hella weed, smoke hella weed"""
spam,Thanks for picking up the trash.
spam,"Go until jurong point, crazy.. Available only in bugis n great world la e buffet... Cine there got amore wat..."
spam,GSOH? Good with SPAM the ladies?U could b a male gigolo? 2 join the uk's fastest growing mens club reply ONCALL. mjzgroup. 08714342399.2stop reply STOP. msg@¬£1.50rcvd
spam,Its  &lt;#&gt; k here oh. Should i send home for sale.
spam,Yes. Last  practice
spam,Depends on individual lor e hair dresser say pretty but my parents say look gong. U kaypoh.. I also dunno wat she collecting.
spam,"URGENT! Your Mobile No was awarded a ¬£2,000 Bonus Caller Prize on 1/08/03! This is our 2nd attempt to contact YOU! Call 0871-4719-523 BOX95QU BT National Rate"
spam,Hey they r not watching movie tonight so i'll prob b home early...
spam,New car and house for my parents.:)i have only new job in hand:)
spam,Where are you ? What do you do ? How can you stand to be away from me ? Doesn't your heart ache without me ? Don't you wonder of me ? Don't you crave me ?
spam,Got it. Seventeen pounds for seven hundred ml ‚Äì hope ok.
spam,Well obviously not because all the people in my cool college life went home ;_;
spam,Hi did u decide wot 2 get 4 his bday if not ill prob jus get him a voucher frm virgin or sumfing 
spam,I had askd u a question some hours before. Its answer
spam,Nt yet chikku..simple habba..hw abt u?
spam,Realy sorry-i don't recognise this number and am now confused :) who r u please?! 
spam,Wherre's my boytoy ? :-(
spam,URGENT! Your Mobile number has been awarded with a ¬£2000 Bonus Caller Prize. Call 09058095201 from land line. Valid 12hrs only
spam,"I'm in a meeting, call me later at"
spam,"Hi frnd, which is best way to avoid missunderstding wit our beloved one's?"
spam,And pls pls drink plenty plenty water
spam,Hey whats up? U sleeping all morning?
spam,YOU HAVE WON! As a valued Vodafone customer our computer has picked YOU to win a ¬£150 prize. To collect is easy. Just call 09061743386 
spam,How about getting in touch with folks waiting for company? Just txt back your NAME and AGE to opt in! Enjoy the community (150p/SMS)
spam,It just seems like weird timing that the night that all you and g want is for me to come smoke is the same day as when a shitstorm is attributed to me always coming over and making everyone smoke
spam,You still at grand prix?
spam,"Aiyo... Her lesson so early... I'm still sleepin, haha... Okie, u go home liao den confirm w me lor..."
spam,it's still not working. And this time i also tried adding zeros. That was the savings. The checking is  &lt;#&gt; 
spam,"I'm an actor. When i work, i work in the evening and sleep late. Since i'm unemployed at the moment, i ALWAYS sleep late. When you're unemployed, every day is saturday."
spam,How was txting and driving
spam,Keep my payasam there if rinu brings
spam,No * am working on the ringing u thing but have whole houseful of screaming brats so * am pulling my hair out! Loving u
spam,Asking do u knw them or nt? May be ur frnds or classmates?
spam,1 I don't have her number and 2 its gonna be a massive pain in the ass and i'd rather not get involved if that's possible
spam,Yup
spam,I (Career Tel) have added u as a contact on INDYAROCKS.COM to send FREE SMS. To remove from phonebook - sms NO to  &lt;#&gt;
spam,I don't know but I'm raping dudes at poker
spam,You know what hook up means right?
spam,Not yet. Just i'd like to keep in touch and it will be the easiest way to do that from barcelona. By the way how ru and how is the house?
spam,Yeah I'll try to scrounge something up
spam,When u wana see it then
spam,Will be office around 4 pm. Now i am going hospital.
spam,For sale - arsenal dartboard. Good condition but no doubles or trebles!
spam,"Hello from Orange. For 1 month's free access to games, news and sport, plus 10 free texts and 20 photo messages, reply YES. Terms apply: www.orange.co.uk/ow"
spam,I am literally in bed and have been up for like  &lt;#&gt;  hours
spam,I said its okay. Sorry
spam,Thats cool. How was your day?
spam,somewhere out there beneath the pale moon light someone think in of u some where out there where dreams come true... goodnite &amp; sweet dreams
spam,Package all your programs well
spam,Leave it wif me lar... √ú wan to carry meh so heavy... Is da num 98321561 familiar to √º?
spam,Yeah we do totes. When u wanna?
spam,"Nah it's straight, if you can just bring bud or drinks or something that's actually a little more useful than straight cash"
spam,Just checking in on you. Really do miss seeing Jeremiah. Do have a great month
spam,Wrong phone! This phone! I answer this one but assume the other is people i don't well
spam,"UpgrdCentre Orange customer, you may now claim your FREE CAMERA PHONE upgrade for your loyalty. Call now on 0207 153 9153. Offer ends 26th July. T&C's apply. Opt-out available"
spam,Ya i knw u vl giv..its ok thanks kano..anyway enjoy wit ur family wit 1st salary..:-);-)
spam,"Dear Voucher Holder, To claim this weeks offer, at your PC please go to http://www.wtlp.co.uk/text. Ts&Cs apply."
spam,Want a new Video Phone? 750 anytime any network mins? Half price line rental free text for 3 months? Reply or call 08000930705 for free delivery
spam,PICK UR FONE UP NOW U DUMB?
spam,URGENT! We are trying to contact U. Todays draw shows that you have won a ¬£800 prize GUARANTEED. Call 09050001808 from land line. Claim M95. Valid12hrs only
spam,"Hello. Sort of out in town already. That . So dont rush home, I am eating nachos. Will let you know eta."
spam,Forgot to tell √º smth.. Can √º like number the sections so that it's clearer..
spam,"That's what I love to hear :V see you sundayish, then"
spam,Had your mobile 11mths ? Update for FREE to Oranges latest colour camera mobiles & unlimited weekend calls. Call Mobile Upd8 on freefone 08000839402 or 2StopTxt
spam,Lol now I'm after that hot air balloon!
spam,Last chance 2 claim ur ¬£150 worth of discount vouchers-Text YES to 85023 now!SavaMob-member offers mobile T Cs 08717898035. ¬£3.00 Sub. 16 . Remove txt X or STOP
spam,SERIOUSLY. TELL HER THOSE EXACT WORDS RIGHT NOW.
spam,Have you emigrated or something? Ok maybe 5.30 was a bit hopeful...
spam,Jokin only lar... :-) depends on which phone my father can get lor...
spam,FREE entry into our ¬£250 weekly comp just send the word WIN to 80086 NOW. 18 T&C www.txttowin.co.uk
spam,Wat u doing there?
spam,U have a Secret Admirer who is looking 2 make contact with U-find out who they R*reveal who thinks UR so special-call on 09065171142-stopsms-08718727870150ppm
spam,Aiyah u did ok already lar. E nydc at wheellock?
spam,Are your freezing ? Are you home yet ? Will you remember to kiss your mom in the morning? Do you love me ? Do you think of me ? Are you missing me yet ?
spam,Tell them no need to investigate about me anywhere.
spam,"whatever, im pretty pissed off."
spam,Dear Voucher holder Have your next meal on us. Use the following link on your pc 2 enjoy a 2 4 1 dining experiencehttp://www.vouch4me.com/etlp/dining.asp
spam,Unfortunately i've just found out that we have to pick my sister up from the airport that evening so don't think i'll be going out at all. We should try to go out one of th
spam,Hey you gave them your photo when you registered for driving ah? Tmr wanna meet at yck? 
spam,So √º pay first lar... Then when is da stock comin...
spam,How long does it take to get it.
spam,"Best msg: It's hard to be with a person, when u know that one more step foward will make u fall in love.. &amp; One step back can ruin ur friendship.. good night:-) ..."
spam,"You are a ¬£1000 winner or Guaranteed Caller Prize, this is our Final attempt to contact you! To Claim Call 09071517866 Now! 150ppmPOBox10183BhamB64XE"
spam,I dunno until when... Lets go learn pilates...
spam,I am not having her number sir
spam,Yes..he is really great..bhaji told kallis best cricketer after sachin in world:).very tough to get out.
spam,Ok i msg u b4 i leave my house.
spam,At home watching tv lor.
spam,NO GIFTS!! You trying to get me to throw myself off a cliff or something?
spam,√ú log off 4 wat. It's sdryb8i
spam,"Xmas Offer! Latest Motorola, SonyEricsson & Nokia & FREE Bluetooth or DVD! Double Mins & 1000 Txt on Orange. Call MobileUpd8 on 08000839402 or call2optout/4QF2"
spam,I'm in school now n i'll be in da lab doing some stuff give me a call when √º r done.
spam,Wot u up 2? Thout u were gonna call me!! Txt bak luv K
spam,That's my honeymoon outfit. :)
spam,Its a part of checking IQ
spam,"Tonight? Yeah, I'd be down for that"
spam,Thanks. It was only from tescos but quite nice. All gone now. Speak soon 
spam,"Hottest pics straight to your phone!! See me getting Wet and Wanting, just for you xx Text PICS to 89555 now! txt costs 150p textoperator g696ga 18 XxX"
spam,We are okay. Going to sleep now. Later
spam,"Oh, i will get paid. The most outstanding one is for a commercial i did for Hasbro...in AUGUST! They made us jump through so many hoops to get paid. Still not."
spam,Thanks chikku..:-) gud nyt:-*
spam,Just do what ever is easier for you
spam,Gud ni8 dear..slp well..take care..swt dreams..Muah..
spam,"Also sir, i sent you an email about how to log into the usc payment portal. I.ll send you another message that should explain how things are back home. Have a great weekend."
spam,"that would be good ‚Ä¶ I'll phone you tomo lunchtime, shall I, to organise something?"
spam,What not under standing.
spam,Don't forget who owns you and who's private property you are ... And be my good boy always .. *passionate kiss*
spam,Wif my family booking tour package.
spam,"Sorry, I'll call you  later. I am in meeting sir."
spam,"Wishing you and your family Merry ""X"" mas and HAPPY NEW Year in advance.."
spam,I will come tomorrow di
spam,"Fantasy Football is back on your TV. Go to Sky Gamestar on Sky Active and play ¬£250k Dream Team. Scoring starts on Saturday, so register now!SKY OPT OUT to 88088"
spam,"I'm in a meeting, call me later at"
spam,Yup i've finished c √º there...
spam,No need lar i go engin? Cos my sis at arts today...
spam,Becoz its  &lt;#&gt;  jan whn al the post ofice is in holiday so she cn go fr the post ofice...got it duffer
spam,When √º login dat time... Dad fetching √º home now?
spam,"Probably not, still going over some stuff here"
spam,Ha ha - had popped down to the loo when you hello-ed me. Hello!
spam,Printer is cool. I mean groovy. Wine is groovying
spam,Life spend with someone for a lifetime may be meaningless but a few moments spent with someone who really love you means more than life itself..
spam,Love it! The girls at the office may wonder why you are smiling but sore...
spam,"Oh yes, why is it like torture watching england?"
spam,"URGENT!: Your Mobile No. was awarded a ¬£2,000 Bonus Caller Prize on 02/09/03! This is our 2nd attempt to contact YOU! Call 0871-872-9755 BOX95QU"
spam,You are a winner U have been specially selected 2 receive ¬£1000 or a 4* holiday (flights inc) speak to a live operator 2 claim 0871277810910p/min (18+) 
spam,Love it! Daddy will make you scream with pleasure! I am going to slap your ass with my dick!
spam,Thnx dude. u guys out 2nite?
spam,:-( sad puppy noise
spam,DO NOT B LATE LOVE MUM
spam,"Aight, I'll hit you up when I get some cash"
spam,Hmm...Bad news...Hype park plaza $700 studio taken...Only left 2 bedrm-$900...
spam,"Living is very simple.. Loving is also simple.. Laughing is too simple.. Winning is tooo simple.. But, being 'SIMPLE' is very difficult.. Gud nte.:-"
spam,Eh u send wrongly lar...
spam,Lol ... I really need to remember to eat when I'm drinking but I do appreciate you keeping me company that night babe *smiles*
spam,I have many dependents
spam,Msgs r not time pass.They silently say that I am thinking of U right now and also making U think of me at least 4 a moment. Gd nt.swt drms @Shesil
spam,Idea will soon get converted to live:)
spam,Aft i finish my lunch then i go str down lor. Ard 3 smth lor. U finish ur lunch already?
spam,Thank you princess! I want to see your nice juicy booty...
spam,Jamster! To get your free wallpaper text HEART to 88888 now! T&C apply. 16 only. Need Help? Call 08701213186.
spam,You said not now. No problem. When you can. Let me know.
spam,Ok i vl..do u know i got adsense approved..
spam,Yup... I havent been there before... You want to go for the yoga? I can call up to book 
spam,Please call our customer service representative on 0800 169 6031 between 10am-9pm as you have WON a guaranteed ¬£1000 cash or ¬£5000 prize!
spam,And whenever you and i see we can still hook up too.
spam,I wil be there with in  &lt;#&gt;  minutes. Got any space
spam,I‚Äòll have a look at the frying pan in case it‚Äòs cheap or a book perhaps. No that‚Äòs silly a frying pan isn‚Äòt likely to be a book
spam,88066 FROM 88066 LOST 3POUND HELP
spam,You have 1 new voicemail. Please call 08719181513.
spam,"Text me when you get off, don't call, my phones having problems"
spam,Stupid.its not possible
spam,I think steyn surely get one wicket:)